,Tweet,Suicide
0,making some lunch,not suicide post
1,@Alexia You want his money.,not suicide post
2,@dizzyhrvy that crap took me forever to put together. iâm going to go sleep for DAYS,potential suicide post
3,@jnaylor #kiwitweets Hey Jer! Since when did you start twittering?,not suicide post
4,Trying out &quot;Delicious Library 2&quot; with mixed results The bar code thought I wanted to add a sport bra instead of a drill Cool app tho!,not suicide post
5,"@ValenValdez Oh, that's good to hear. But is it over already? Or you'll continue it after the Holy week?",not suicide post
6,@mcm180 u've got a list for fellow #hotties? You gonna have to share that one Amigo!,not suicide post
7,"@jakepaul @jamescharles @LoganPaul Just because shane made a Series on you Doesnt mean people take you seriously, yâ¦ https://t.co/D5rA0nua0U",potential suicide post
8,time for some warsaw beer garden chilling,not suicide post
9,I hate my life lmao I hope I die soon or sumn I'm too tired of everything,potential suicide post
10,"Everything your lover does for you is for her survival, everything your mother does for you is for your survival.",not suicide post
11,"There is a stray cat on campus that looks like Garfield. The students are always feeding him, so he is very fat. Like me.",not suicide post
12,is on the go...,not suicide post
13,I have an awful habit of avoiding writing papers by watching Instagram live videos of the kids I used to nanny forâ¦ https://t.co/NpfZu06gwy,potential suicide post
14,@rivensky Haha. Well I have more but I don't have to do anything but file the rest away or delete them.,not suicide post
15,@Turbizzle Goooooood hwo're you?,not suicide post
16,"@AkwesiQuan,,RT @animeesay: I want to say ill never be active again. Not quite sure, i dont have any reason to be on here anymore anyways bye everyone tâ¦",potential suicide post
17,Focus on opportunities more than you focus on money.,not suicide post
18,SOMEBODY PLEASE FUCKING KILL ME IM SO IN LOVE https://t.co/WbVmmKzDDh,potential suicide post
19,Iâm at the point of the semester where Iâm so tired of everything. I just want to roll over and die.,potential suicide post
20,"@sadegsi,ger/rus/eng,I want to die so much, I dont want to be here anymore",potential suicide post
21,"And I hate the fact if it's true Dojae will do surgery, Dojae has to endure the pain alone :'( without Segye ð­ð­ð­ð­ aâ¦ https://t.co/B4hM6MjQRe",potential suicide post
22,"RT @Soulwhisperer3: When you're tired of living your life, all you can do is close your eyes and go to sleep...",potential suicide post
23,i am going to kill myself right now i am sorry you are feeling so desperate,potential suicide post
24,"@earlydetection enjoy I just can't get into it this season, but happy to know that you're getting your groove on.",not suicide post
26,Really fuckin want this portion of my life to be over.,potential suicide post
27,I'm VERY VERY hungry! Don't anyone on my timeline dare to talk about food :@ Or I'll seriously eat you up!,not suicide post
28,Mom always used to want everyone home before dark – as though anything was out there at night that wasn't there during the day.,not suicide post
29,@gailia I think you'll do whatever you want.,not suicide post
30,@domselinakyle that sounds so terrible that's how i was when my dad still lived w me but i hope it gets better forâ¦ https://t.co/oAh2tUnbXt,potential suicide post
31,"@garry1bowie No, just one shortly before the soap awards judging starts....",not suicide post
32,"@swingie Just had a conversation with @tonimassaar about how 'dependent' we seem to be of internet and mobile phones nowadays,",not suicide post
33,"@jrkgirlnla Oh yes, I was reading that one",not suicide post
34,My life is so miserable and it's not getting better.,potential suicide post
35,"@LaPrincipessa you SAU! i stood up at 8. then off to offenbach, home. outside. sunshine. love you.",not suicide post
36,She is not tired.,not suicide post
37,RT @tamicakeyona: Being a single mommy was never part of the plan but I wake up everyday and do my shitðªð¾,potential suicide post
38,"But what Bezos, de Blasio, and Cuomo have down is walked into our little lego town, kicked all of our lego towers aâ¦ https://t.co/WQqDasF7n4",potential suicide post
39,I want money,not suicide post
40,"@HeavenlyHev how was it, so I know what to expect?",not suicide post
41,Mmm mummy's culinary skills has been improving. Smells so good! i'm loving home cooked food!,not suicide post
42,i need to put myself to rest i ve crashed my motorcycle today i don t know how but i m mostly fine it was the most beautiful moment of my life i know it s sick to think that but it felt good to see people approach me to help me after the crash the feeling of my body being dragged by my bike for several meters on the ground looking at the sky while this one song played in my earphonesi ve just felt emptiness for the past yearsi don t want this second chance i want to get on my broken bike bring it up to speed one last time and then just end it all i just don t want to drown anymore please,potential suicide post
43,Brushin' mah teef. Secularly.,not suicide post
44,i'll be in london today. Wave if you see me,not suicide post
45,@PeoplemapsJulie I am looking for the berocca then all will be well,not suicide post
46,@nellypt Thank you I thought it was. Pass it around. Have a great day Luv ur stuff,not suicide post
47,i wanna die. i donât deserve a piece of anything. i donât belong anywhere. iâm sick and tired of everything. the saâ¦ https://t.co/8hbfNffXii,potential suicide post
48,I fucking hate my whole family all they do is making me feel fat and I'm so done with feeling bad about my body andâ¦ https://t.co/eXWykCGcrf,potential suicide post
49,@meerajane I luv your blog too! Fashion is &lt;3,not suicide post
50,@Maddierawrk Sorry for your loss. This post gave me goosebumps because although I havenât thought of suicide your dâ¦ https://t.co/VNpWHS2zqu,potential suicide post
51,"@MarkusLarockus Ha ha I started something with the Rocquestar thing, didn't I??",not suicide post
52,"photoboth is black and white. and wayyyyy old. we call him Herbert lol. I love him, he's like a living legend. gotta love Berlin &lt;3",not suicide post
53,@ErikAbele The one we were looking out for?,not suicide post
54,he want to kill her.,not suicide post
55,u - understand what the fuck im doing wrong with my life,potential suicide post
56,"@RachelStarrxxx AWWWWWW, i really wish i could be there to give ya some serious TLC Rachel hun....sending ya huge HUGZ AND KISSES",not suicide post
58,@JoannaButler he should tell them that his sister fixed it,not suicide post
59,"Something weird in that I couldn't stop thinking about him, couldn't sleep. Then out of some old papers a card I diâ¦ https://t.co/eITpOD1uAT",potential suicide post
60,"Congratulations, John! I'm a creepy actor, not a sweet actor",not suicide post
61,@fancyelastic He he! Thanks,not suicide post
62,in the photoshop,not suicide post
63,@MizFitOnline normal workday for me. I do still have plans/aspirations to submit some info for the miz mag - honest i do.,not suicide post
64,@noi27 Easy way is to go to MBK and get it hacked. @chuanjeng got a CN rom on his TH phone...,not suicide post
65,"@Farbelowaverag1,,And I just dont want to fucking be here anymore. Please someone just fucking end me because I know itll be worse for everyone if I do it myself and fuck do I want to but please please someone just kill me please",potential suicide post
66,"i'm tired,",not suicide post
67,My Cullen family jewellery set arrived this morning! So happy!,not suicide post
68,Getting ready to take kids to the farm,not suicide post
69,"@wolfiecomedy These boys might find it shocking that some internet stranger like myself would say ""fuck these guys""â¦ https://t.co/VNWeNO1cmv",potential suicide post
70,@StacyonBob I ate candy cigarettes but I didn't eat the wax once I drank the coke. I did however eat the candy lips.,not suicide post
71,I damn near hate smoking by myself but sometimes I like it cause I canât finish blunts and I be having some for later.,potential suicide post
72,is going to get some cereallllllll will be living off Lucky Charms next week! WOOPWOOP!,not suicide post
74,@dianapmarez It's a great time in life! We can help you design an amazing wedding.,not suicide post
75,@vegale Wow! Wow! Good to hear,not suicide post
76,feeling overwhelmed and wanting to die i tried to kill myself today all i wanted was my boyfriend to help me somehow since he sees me on this depression spiral but all he says is it will get better i know it will but currently i feel trapped in my own home i have no friends and i constantly feel weak or unmotivated i have no desire to have sex with my partner and tend to find the worst in him lately i love him but some things he does amplifies my depression i dont want to die but when i get hurt lonely or overwhelmed the one thought i cant shake is killing myself ,potential suicide post
77,Asking everyone to send out happy 'head-first' vibes to @cosmicgirlie,not suicide post
78,@kanter And waiting for sunrise in spring with an amazing colors,not suicide post
79,"@Lady_Twitster Good so far thanks, hope yours will treat you well too",not suicide post
80,@OliviaCosmetics ok then might not be for a while though?,not suicide post
81,"Itâs only the 12th and I have completed 75% of my selling goal, IâM HAPPY ð",not suicide post
82,"@EmisonNaomily but still,i highkey want him to be dead. He f killed peach and beck ugh.Candice is back so imma justâ¦ https://t.co/5pBYOKbtRc",potential suicide post
84,My whole family is so damn beautiful and Iâm the start of the ugly generation of it and I just hate myself so much I canât even express it,potential suicide post
85,"My co-workers are my guinea pigs. Lucky for them, I'm testing recipes from my Ultimate Cookie cook book.",not suicide post
86,"Damn, i hate myself @EvoPvPServer",potential suicide post
87,@FrankDiElsi1 No I want him to get indicted &amp; watch the kids go to jail - I donât want him to die because the Trumpâ¦ https://t.co/BPMdXzujoo,potential suicide post
88,ok legit question can I fucking kill myself I'm 100% done with life,potential suicide post
89,@willcarling How's the ski jumping going? Have you beat the missus yet?,not suicide post
90,@lakezuriche I Hope I Fucken Change Cause Damn Do I Hate Myself!!!!!!!!,potential suicide post
92,@EricBoehlert Nothing to live for? Why? Because you have been nasty?,potential suicide post
93,had a lovely night with the best boyfriend and two very good friends,not suicide post
94,my girlfriend left me i hate college i have no direction in life i just want to go to sleep and never wake up ive been thinking about suicide a lot recently and different methods the only reason i havent done it so far is because i am too much of a pussy i have access to enough drugs to overdose on i live near plenty of tall buildings i am seeing a therapist and psychiatrist all the pills they ve given me have only exacerbated my symptoms i dont care about leaving everything behind because i dont want to hurt the people around me but why should i go on living my shit life just so others arent inconvenienced one of these days i ll be drunk enough to finally pull the trigger figuratively literally ,potential suicide post
95,@KateEdwards you dont have to bring anything - it's yr place #katesparty,not suicide post
96,Rosie: âdoes he think Iâm gonna be single forever?â,potential suicide post
97,@codyks Chick-Fil-A = bonus.,not suicide post
98,@Fred0828 yeah 16kg is around 40lbs Glad you liked the interview I did with Steve Cotter; Quigong is sucha valuable part of any training,not suicide post
99,@theosoft What do you want to know about MODx cms? Maybe I can help you,not suicide post
100,"i'm home from school, yay! wasn't that bad actually, and i had a nice dinner with graceeeeee.",not suicide post
101,"im hoping my stress level will go down when my aunt is gone... i cant relax, am exhausted, and can't focus on a damâ¦ https://t.co/7eRvPZ4rpS",potential suicide post
102,@ghostbusterz a friend i knew online from last night finally added me up on his messenger.,not suicide post
103,I jst sneezed twice. Me thinks there's at least one ghost in my house now.,not suicide post
104,@WANICULLEN Thanks Wani,not suicide post
105,@vanessawhite Haha Get all your Stress out x,not suicide post
106,@_nanu_ just added a little more grist to the mill,not suicide post
107,"@niki_dyer @marcorubio You want every vote counted no matter if the voter is dead, move to a different precinct, ouâ¦ https://t.co/nC8PdOqUvU",potential suicide post
108,@yogadork our barefoot range is a great alternative when you need to wear shoes. they allow you foot move as though it were barefoot,not suicide post
109,there are no perks of being this ugly i deserve an award or something at least if iâm gonna die alone,potential suicide post
110,RT @camphalfblood: Random commenter asked why I had such an extreme social warrior agenda in Magnus Chase. What he calls extreme social jusâ¦,potential suicide post
111,It's Tuesday...at work...still riding the high from the workout last night. It should be a good day!,not suicide post
112,So sad that I can't protect these cats and I don't know whats ever bothering them. I don't know why this stuff hasâ¦ https://t.co/SDrCTy43V3,potential suicide post
113,Never been to war but I get terrible nightmares that wake me up fighting for my life. #thisisus #ptsd,potential suicide post
115,ok that dinner rocked,not suicide post
116,stuck every time i try and kill myself i cant go through with it but i cant keep living feeling this way why cant i just let myself die,potential suicide post
117,Damn .. I hate when I type so fast and the autocorrect changes go unnoticed ..smh at myself ð¤¦ð½ââï¸,potential suicide post
118,RT @sirpatricia: //shes doing her best https://t.co/tARP6gNDlu,not suicide post
119,@bobby_bobbles @snovvvhite live your best life,not suicide post
120,All I want is the truth.,not suicide post
121,@sandieb321 We are not fussy about age here as long as females are between 18-25 . I changed the rules. lol,not suicide post
122,Iâm just gonna go ahead and kill myself. Already done for the fucking day.,potential suicide post
123,i cannot wait for my mum to fucking die all i wait is for her to die then i am going to lie under the train that very day and foolow suiti cannot wait i would kill her to be able to kill myself sooner but we are two in a very intimate relationship in short i can not kill her guns are forbiden in my country i have got only a knife or a brick to do it and so i cant do it it s very bloody and slow method cannot do anything my tonsils stink i hate human stench in all forms except dashas shits i hate my body hate arteries these nose and lips and saliva and eyes and all i hate human body except dashas one i want to fuck and to be with my dasha ,potential suicide post
124,"@TaniaUncensored tania, i think you should get athene and the rest of the crew on twitter",not suicide post
125,@jackhii n i got yr pic posing in the server room ..,not suicide post
126,Bye bye!! Going to sleep!! (finally!!) XDDDD :-D :-P,not suicide post
127,Working on a film. Have been busy. Have a nice day everyone,not suicide post
128,i want to die where can i go to commit suicide give me an injection as i am unconconscious and end my nightmare life i want to die,potential suicide post
129,I want to play with it.,not suicide post
130,Thanks to everyone who's sent me work this year... You'll pleased to know I've just planted 85 trees in India with some of the profits x,not suicide post
131,this is my notice of me giving up on life n becoming an alcoholic bc i'm miserable n want to die farewell ill be drunk,potential suicide post
132,New iPhone is completely updated Sun shining in Derry - tis a pretty day,not suicide post
133,I want to be a doctor.,not suicide post
134,"@TomFelton Cash in the Attic is OK, I prefer Homes Under the Hammer, haha I do love being off school...",not suicide post
135,Ill ride for my dawgs any day but at the end of the day. I already know where the streets can take you &amp; I what hapâ¦ https://t.co/Pqys3uWHkj,potential suicide post
136,i want her,not suicide post
137,"@FoxWhisperer Well compared to other areas west of us, I'll take our 50 degrees and run with it",not suicide post
138,"@inspireinspire aw, I am so jealous! ) please, take me with you",not suicide post
139,"@308Olsen,Blaine, MN,I dont want to be here anymore.",potential suicide post
140,"Scared of death, tired of living.",potential suicide post
141,@tmotsenbocker @TheAcademic @judahandthelion Take it all back was so fun https://t.co/iewkzKosB8,not suicide post
142,Ive had enough of life and the pain it causes,potential suicide post
143,Omg the cringe I cant,potential suicide post
144,@lilyroseallen i love your shh tattoo - did it hurt? i think i'm gonna get it,not suicide post
145,"@cgupi1,,RT @caringcorbyn: i literally cant explain everything so much has happened i dont wanna be here anymore. wtf is even the point. i literallyâ¦",potential suicide post
146,i want him,not suicide post
147,had a juice box this morning. You never know the joy a juice box can bring until you have one later on in life.,not suicide post
148,She didn't want him to go out with other women,not suicide post
149,@adalinemusic you're welcome! It was a great way to be introduced to your music,not suicide post
150,@Cookieex3 awesome!! Can't wait to see it!!,not suicide post
151,My heart is so crushed.,potential suicide post
152,ooo apple store is down ... so close? Credit card ready,not suicide post
153,youâve changed for the fucking worse. i cant believe that you could really go back on all ur hard work like that,potential suicide post
154,"Not just because the House has NEVER had a Black woman in leadership, but becauseâ¦",not suicide post
155,@SUMMERWALKER hey Golden is here with me and just wanted to say Hi and have a great morning,not suicide post
156,Goooooood morning Twitter-World!,not suicide post
157,@emilylagrange a revolution in household detergent introducing #kidscleaning get one now while stocks last,not suicide post
158,everything that youâve ever dreamed of,potential suicide post
159,@taylorchoi congrats!!!!! Ill def go and support the TC Media takeover,not suicide post
160,Going to bed goodnightttttt!,not suicide post
161,Going to school and enjoying my last day as a 16 year old but too,not suicide post
162,@pviktor Hmmm...not good...carrot juice and marmalade on toast may help?,not suicide post
163,Im tired and sick of everything I wanna die ... https://t.co/w04RQCbvNV,potential suicide post
164,RT @MarvelStudios: âNo one has had more of an impact on my career and everything we do at Marvel Studios than Stan Lee. Stan leaves an extrâ¦,not suicide post
165,"9 months ago my grandmother passed away, 8 months ago I got my heart completely broken, 7 months ago I almost attemâ¦ https://t.co/ooZMFRvuD1",potential suicide post
166,@that_groyper Really tired of everything. It's all just so lame and gay. Nothing serious us ever going to happen anâ¦ https://t.co/swSugXE6ua,potential suicide post
167,trying to figure out how this works!,not suicide post
168,My life is miserable,potential suicide post
169,Positive Mental Attitude - Today can't be as bad as yesterday.,not suicide post
170,good morning all,not suicide post
171,YaY!! Just found out Amy is having a Girl!! LiL Bonita!! Im so excited..now I can go by little girly things for the babes,not suicide post
173,Damn I fucking HATE myself,potential suicide post
174,snuggling in bed with my little baby....ahhhh!,not suicide post
175,mhm up. ohh early for me!- &amp; i feel like whatching Open arms again [by gary go],not suicide post
176,@goobimama @EventBox isn't the best Twitter client for me. It's the simplicity and all-in-1 that makes me love it,not suicide post
177,"@semblance_er AHHHH yeah i was, but their updates were boring me so &quot;unfollowed&quot; them. you'll have to win and take me on holiday",not suicide post
178,"@LizzieLib Could be - mine grew out, down my back and then all fell off",not suicide post
179,RT @lisapryor23: @MillwallFC @zampathelion what a fun day ! https://t.co/jr18uTkFX4,not suicide post
180,"@vascopatricio Vou ler! ATD foi uma maratona.. Let's just say I'm glad it's over, lol.",not suicide post
181,"laughter is indeed the best medicine! whatever ur situation today,find a reason 2 smile wholeheartedly! God is good,faithful&amp;loves u &lt;3",not suicide post
182,"@bradesposito They want people like me dead. They don't want to help me. If I was in Canada, Israel or Germany I woâ¦ https://t.co/UEfZi9HniT",potential suicide post
183,enjoyed the N-Dubz gig last night - and it finished early which is always a bonus,not suicide post
184,i think its tonight because i dont care and i have nothing left i dont care i had something so great so promising and they stripped it down past the bone into splinters then pissed on the splinters i dont want happiness i dont want dreams i dont care that if i post a note everyone will desperately try to stop me i know they ll care when i am about to die or dead i am numb i am no longer scared and the hurt is too much i gotta go i have nothing left i had a lot of love to give but its gone with me i just wanted someone to hear me before the end ,potential suicide post
185,RT @Mylingo11: Never get too attach cause  people wake up with  different feelings everyday.,potential suicide post
186,do you ever feel empty and you had to pick a number from 15 depending how you feel about it i could write my funeral speech now but what is the point in afew years i would be forgotten anyway ,potential suicide post
187,@Cellobella They don't do them in my size How r u?,not suicide post
188,"It snowed! Okay, there's not enough to build Frosty, but it snowed. As long as it's cold, it might as well snow...Enjoy your day",not suicide post
189,"YALL im sad cause I keep seeing tweets about invisible and the fact that it was a suicide note, and like I alreadyâ¦ https://t.co/FTr8WA8GLz",potential suicide post
190,RT @B8SSONS: i hate feeling the way i do,potential suicide post
191,glad to see spring making a comeback in Denver today!,not suicide post
192,@avalanchelynn hello!! g'mrng!! wuzup?!? hows twitterville while i was sleeping? evrythings cool?,not suicide post
193,"@richard_bell nah, I think going sideways is best, really helps when dodging bullets",not suicide post
194,Iâm so done with today like I just want to fucking kill myself,potential suicide post
195,@familychoice If you have any questions feel free to email us at sales@jshop.co.uk or send a DM on Twitter,not suicide post
196,"Itâs been nearly three years, but I still feel that Kylo/Ben Solo doesnât deserve redemption. The man killed his owâ¦ https://t.co/a69qtrMkh7",potential suicide post
197,"All right so that's 200 for slytherin, 590 for hufflepuff and 520 for ravenclaw. Sadly I'll have to cut these sprinâ¦ https://t.co/jjn5aEzAtu",potential suicide post
198,ba't ko kinakaawaan sarili ko at iniisip na yung iba naiisip din ako? damn! hate myself. It's just me. ð¤¦,potential suicide post
199,@hillkath Hey there! Sent you a DM.,not suicide post
200,@SILVERSUN You make the milk look REALLY good in your pictures,not suicide post
202,@JonathanRKnight,not suicide post
203,"@catherinemarche Ooh, that's lovely",not suicide post
204,"@geuphers, you will fully bloom after all the hardships. i love u ):",not suicide post
205,"@myselfmp3 Aw I'm so sorry, try not to let it get to you too much, they obviously didn't deserve you in the first pâ¦ https://t.co/F3aDF3M6U0",potential suicide post
206,Showcase Quick @ VIP romm on Thursday,not suicide post
207,@MatthewTurnbull is that me? tony price is on here too as is fab,not suicide post
208,Hey Mariedees! Welcome to our Twitter feed! G'mornin' to ya!,not suicide post
209,@TradingGoddess wow that was an experience you don't need to see repeated again glad he is ok.,not suicide post
210,embedding a google calendar into a site is actually seriously easy,not suicide post
211,I die a little inside when I see an old person eating alone at a restaurant.,potential suicide post
212,I hate repeating myself dawg. like damn.,potential suicide post
213,running out of option it physically hurts to breathe i have no dream or goal or ambition or motivation i am tried of it all i have been to hospital er psyche ward therapist difference medications my girlfriend the only person i really loved who wasnt family wants to just go do drugs and drink or whatever the fuck leaving me here with nothing so i cant at least just talk to her any more about how i feel it hurts it hurts so much so much pain and why i dont know why was i born to suffer like this if god is real he wants me dead and i do too,potential suicide post
214,1300 words...,not suicide post
215,"@__TheRealSkp,Barcelona, Spain,RT @kbdoll2_: Even though WE DONT WANT too, we know that we have too believe that youâre not here anymore and we know that we have to be stâ¦",potential suicide post
216,@theshortestfuse that is so cool...good to hear...thanks for sharing!,not suicide post
217,@JacksonWang852 debuted on this week's Billboard Social 50 at #33!,not suicide post
218,@julouille3 Let me hate myself god fucking damn it,potential suicide post
219,@Woth2982 @DDsBoston @Bostongrlkayte it is going to be sunny and 11 Celcius Friday and sunny and 15 Saturday sweet,not suicide post
220,@IanAspin I second to that Ian - thank you,not suicide post
221,In reality social media donât care about a mans mental health or donât want to speak on it until heâs dead lets be real,potential suicide post
222,Not everything is gold.,not suicide post
223,Became as hot as the persistent days resting heavily on tired flowers,potential suicide post
224,@LessIsMoh @LaVendrickS We used to have one. But keeping a live wild animal in a cage surrounded by screaming drunkâ¦ https://t.co/swOCDlRqWC,potential suicide post
225,IM SO TIRED OF EVERYTHING CAN I DIE,potential suicide post
226,still listening to some great music I got yesterday. amber pacific is awesome!!,not suicide post
227,Going to day care! Get to see hannah! This should be a good day. I hope so anyway.,not suicide post
228,@vindiekins I almost feel bad for my next post. Almost.,not suicide post
229,@LadyParadis Thanks. It's certainly better than it was midday yesterday. At one point I was walking around like Kryten from Red Dwarf.,not suicide post
230,@cyberpreneur welcome to the &quot;twittersphere&quot;! (i like your name for it it's fun but can get super addicting,not suicide post
231,@LindseyLobo How did you know?? I LOVE it!,not suicide post
232,every day just brings me closer to death i am 21 years old working student i want to kill myself life is unbearable i have no skills not talents and i am absolutely boring person so i spend most of my free time alone i really want to find a girlfriend but i see no way how could i find one when i am useless like this i used to go away from sadness by listening to music but these days i am bored of music and just want to go to sleep and never wake up ,potential suicide post
233,"@drrnlvngstn can i have yours? clouds have come in, i fear i may be too late to enjoy the weather",not suicide post
234,@chipcoffey That is great to hear!! Thanks Chip!,not suicide post
235,RT @MileyCyrus: Completely devestated by the fires affecting my community. I am one of the lucky ones. My animals and LOVE OF MY LIFE madeâ¦,not suicide post
236,ah.... 90's pop was so good,not suicide post
237,@rccgd I'm leaving the laptop at home. I'll put up with tweetie. I can get DMs on gmail. New friends can always send me their email addy,not suicide post
238,/thank god for @bre. Slept in and he took Ava to daycare.,not suicide post
239,i dont know why i keep trying my home life has always been incredibly toxic and my parents have always been a major contributor to my depression and anxiety i just feel like a worthless individual i dont have a job and i am not doing anything and i have no motivation to even leave the house let alone my bed all my life shit like this has continued to happen to me and sometimes i look at all the pills i have to take and consider just shoving a handful in my mouth and ending it all but most of the time i just lie in my bed and wish i could die without actually having to kill myself because i am a coward i am so tired of hearing that things are gonna get better,potential suicide post
240,Amazing night and great day...I LOVE my Heels!!!,not suicide post
241,"Tired of living life with the fear of not being liked. So for now on, FUCK IT Iâm really livinâ now people!!!!!",potential suicide post
242,jami: probably drunk driver coming onto on-coming traffic,potential suicide post
243,RT @gracee_chang: Me knowing damn well that I will hate myself for taking a 7:30 but doing it anyways https://t.co/FRhjVbgkUw,potential suicide post
244,"I'm out of all my fucking meds bc my family thought it was the best to do since I got sick, tired and slâ¦ https://t.co/6dpLNbb0sh",potential suicide post
245,RT @princessjmee: Never been to war but I get terrible nightmares that wake me up fighting for my life. #thisisus #ptsd,potential suicide post
246,@babydestiny24 What's Twitter? OH!! This is Twitter. Yea... My poor little birdie! No! Here comes the FAIL WHALE!!,not suicide post
247,"Im gonna fucking die, im tired of investing everything into a person and then have them throw it out. I am not madeâ¦ https://t.co/5hb6Kz74qb",potential suicide post
248,YO sometimes Iâm just tired of living.,potential suicide post
249,RT @JimmieAthletics: Congratulations to @JimmieFootball OL Anthony Vereen for being named GPAC Football First Team Offense 2018! #GoJimmiesâ¦,not suicide post
250,Aspiring to be as happy as @BlacYoungstaFB in every aspect of life,not suicide post
251,RT @ZachStafford: I used to check the Forbes 30 Under 30 list every year to see if I could find a husband on it.,potential suicide post
252,@sh_tbritttsays *que screamo voice* SO CUT MY WRIST AND BLACK MY EYES,potential suicide post
253,@gukdaydream so i need to work on this project and people count on me but i do fucking nothing because i think it'sâ¦ https://t.co/3xuJT5Fp0X,potential suicide post
254,You hear this @DaveOshry? Together we could start some sort of terrible business that pays nothing and sucks our wiâ¦ https://t.co/0cD2tTVEag,potential suicide post
255,"RT @0mysky: If you find someone that makes you happy, enjoy it... life is not fair nor give many opportunities... https://t.co/dCBwDeQVH8",not suicide post
256,"@phatelara debbs, PW is up on MSE! Congrats!",not suicide post
257,"@thekingscosmos,,My sister ruined the night before it even started I dont even want to be here anymore",potential suicide post
258,"RT @Raptors_22: I quit, I keep grinding but still fucking suck. I no life something and I still fucking suck. Iâm never gonna get into  @Faâ¦",potential suicide post
259,i cant take this anymore might as well end this sorry as life,potential suicide post
260,I wanna kill myself like not literally but mentally and emotionally,potential suicide post
261,"@dogcafes,co '19 ð¬ð¹,i dont want to be here anymore i done ruined a good thing https://t.co/Bql3YIlI1L",potential suicide post
262,"trying out Spaz for Twitter posts. love my DestroyTwitter, but it's easier to read Spaz!",not suicide post
263,We wouldn't want them to think we were doing anything immoral.,not suicide post
264,A tweet tweet here and a tweet tweet there! Goodniiiight!!,not suicide post
265,"@homerunderbyemo,,Just checked out that Homerun Derby EP, it SLAPS  https://t.co/lrHB1FDz6t",potential suicide post
266,Everything,not suicide post
267,@LaurenFisher obey the last fm algorithm. maybe it would turn out you really do like scooter if you gave him a chance,not suicide post
268,@bootylove89 Haha I wish I was. Iâm tired of living here. I wanna go down south,potential suicide post
269,@Abipips So true- nothing induces madness like trying to figure out why ppl do what they do Hope today with yr little one is wonderful x,not suicide post
270,but HA! Internet Explorer is being nice to me Mozilla Firefox is mean.,not suicide post
271,Tired of kickin you bitches out the house ð bout ready to go to sleep and wake up to the same ting forever.,potential suicide post
272,RT @ghoulrunnings: ive said it before and ill say it again...waluigi sucks...he sounds and looks funny and thats it...theres nothing else tâ¦,potential suicide post
273,"RT @MohammadiRashid: A year after the devastating earthquake in this city, this young mother says she &amp; her family still don't have shelterâ¦",potential suicide post
274,@SexySubKaylee heh heh dirty is always good gurl! I like how you think,not suicide post
275,gettin off the internet... gonna finish my hair,not suicide post
276,after failing once this is how i feel i wish that suicide was funded by the government i wish guns for suicide would be like condoms given to teens so if they are going to do it they do it right i wish euthansia was legal i wish that i wouldnt have to fear buying poison or a gun off the black market because if i get caught my life would get worse ,potential suicide post
277,Morning! I have slacked for two days in twittering! But here I am again. Just finished a good run Ready to start a new day.,not suicide post
278,i am looking for someone to talk to all i want to do is die ,potential suicide post
279,"I donât hate the player I hate the game, Jess Glynne is probably an awesome person but I will kill myself or someonâ¦ https://t.co/kIkyGgqYus",potential suicide post
280,I am loving what I just read about #VR. Love it!,not suicide post
281,"Just watched Chuck, going out with Mel soon",not suicide post
282,@brigham oh! thank you!! I'm just glad to not be shutting stuff across the street anymore.. it's a little slower w/ the unpacking tho!,not suicide post
283,"@suesshirtshop Same to you, Sue!",not suicide post
284,"@Shy_Tide,England,Yeah no i dont want to be here anymore it hurts too much and im struggling too much",potential suicide post
285,"@BookThingo I want to read P. D. James's THE CHILDREN OF MEN, though - interesting premise. Yay for futuristics!",not suicide post
286,i am worried i might lose it tomorrow i cant really tell anyone for fear of worrying them i will be one year and eleven months clean and sober tomorrow i am going to be off my methadone maintenance program in two weeks i am going to walk home from the court pack all my things and clean my apartment and say my goodbyes its just too much i am really hoping it doesnt come to that i hope so fucking much i dont want to kill myself i dont want to do that to anyone i am not strong enough to start over again my chest feels like its going to explode with anxiety i feel like i am going to break down crying in front of the judge tomorrow practically pleading for my life ,potential suicide post
287,Realizing that I will not get a surprise certified letter stating that I am the sole heir of a wealthy family's inhâ¦ https://t.co/5DzyWg70Tu,not suicide post
288,@LFTA What about Blur - Song #2 ???,not suicide post
289,@Chels_V morning,not suicide post
290,tired of waking up. tired of wanting to die. tired of everything.,potential suicide post
291,me: *sees a car crash* i wonder how they crashed,potential suicide post
292,i just want to sleep so much has gone wrong in these 20 years and its still getting worse i can not change most of what is going on around me but it will invariably affect me i dont want to give it the chance so if i go and sleep and dont wake up i wont have to deal with it,potential suicide post
293,"@seerysm i'm always cheerful when it's sunny at ATL, means I'll get the heck away on time",not suicide post
294,Just booked @leawoodward and I in for 4D baby scan tomorrow - very exciting - can't wait to see our little girl,not suicide post
295,Liter spent so much money tonight and literally one of the worst nights in a looo g time literally about to straighâ¦ https://t.co/XEgK1zt0Xs,potential suicide post
296,RT @Beebri97: @Quueenn_M Girl I wanna look this good when I'm pregnant lol. Congratulations beautiful! I hope it's a girl so she can be like u,not suicide post
297,"@TonyWade @iantalbot I'm a size 5, but I have to wear orthotics in my footwear if I'm attempting to walk so I can get away with a 6",not suicide post
298,now my heart wants to die too i ve been struggling with depression trauma and suicidal thoughts for years but honestly things havent been as painful as they are now i am here sitting alone and alienated confused depressed miserable helpless and alone and honestly at this point i just hate life,potential suicide post
299,@strekr Wasn't the Miami valley already frozen? It's WINTER!,not suicide post
300,"@WyattEarpLA Iâm actually tired of this!!! Itâs like living in a home where the troubled, deceitful child always wiâ¦ https://t.co/qsFqOPfqJP",potential suicide post
301,RT @floweryhillside: I donât want them to come for my account. Literally the only thing keeping me through the miserable existence that isâ¦,potential suicide post
302,@DodgerBlueOPJ He is good! He's down in Florida for MTS. He graduates in late April...He really happy about this,not suicide post
303,"@ddlovato i've been at school since yesterday ! GOOD MORNING DEMI LOVATO , im a fan from canada !",not suicide post
304,We were approved for a cute townhome so much closer to work! I'm so excited!,not suicide post
305,"RT @rosettalind55: @BrettCMajor1 I`m sick and tired of listening to @JustinTrudeau saying,""First and foremost ,we`re all here to work for Câ¦",potential suicide post
306,"This is correct. I, for one, absolutely do not want to live in a country with these fucking chuds. And I believe 25â¦ https://t.co/968xex7emJ",potential suicide post
307,I wish I still had my Simpsons shower radio.,not suicide post
308,I love everyone else while I hate myself,potential suicide post
309,Tired of living like this,potential suicide post
310,@missy1994 dude i am SO jealous! goin to buy some on thurs,not suicide post
311,@joemcintyre WELCOME TWEET&lt;3 LETS GET THIS!!!!!!!!!!!!,not suicide post
312,@Callmesynapse_ @Maddierawrk Thatâs not how it works and if you truly believe this then I feel sorry for you. We doâ¦ https://t.co/PIki5M0cHk,potential suicide post
313,"@spanx Happy Birthday, eat something good",not suicide post
314,@seamushayes ...it will only get worse come winter. The Chai at the Goldfish Bowl is the best out!,not suicide post
315,RT @jenanmoussa: I love to see Palestinians dancing and having fun. Good &amp;positive stories deserve to go viral as well.,not suicide post
316,https://t.co/6MPqRunPeX https://t.co/6MPqRunPeX,potential suicide post
317,"Ever feel like everyone's better off without you, because me fucking too. https://t.co/TcS3ZzrZoj",potential suicide post
318,"@markdan_03 nope, ahm.. preps for props",not suicide post
319,@TairrieB recorded what?,not suicide post
320,@Glinner what about twittering your task @rtm,not suicide post
321,--&gt; @katyperry in June (28) in Portugal!! I don't know... should I go? Or is just another catching song?!?,not suicide post
322,i want to be a painter,not suicide post
323,"My Cowley Road E.P. has been re-released on itunes! If you don't have it, get it!",not suicide post
324,HOW DID I JUST GIVE UP ON SLEEPING IM NOT EVEN TRYING ANYMORE I HATE MYSELF DAMN,potential suicide post
325,@Fortitia how's it cooking? looking forward to having a taste later.,not suicide post
326,"200 words over with still more to write, lame. burritos for tea",not suicide post
327,phone againn,not suicide post
328,"RT @mitchlafon: On This Day - November 12th 1976. Queen release single, Somebody to Love.",potential suicide post
329,Its fucking cold ð© i hate working at 4 Am tf did i sign up for ð­why did i do this to myself damn it,potential suicide post
330,@LozzaBlack About time! You should always listen to your wise friend Kate. She's the coolest!,not suicide post
331,"RT @NICKBOYNTON24: ""I donât want to die. But, you know, nothing is for certain. And Iâm tired of keeping quiet."" @PlayersTribune @CarBombBoâ¦",potential suicide post
332,One month from today we'll be on that plane headin' for NY!!,not suicide post
333,"@saraayk5,,RT @jaemverse: i just dont want to be here anymore",potential suicide post
334,"@peterwalker78 www.youtube.com/Titomi15..WATCH THE VIDEOS,COMMENT&amp;SUSCRIBE!! &amp; FOLLOW me , Cheers x",not suicide post
335,- Iowa No. 2 in happy! Yea!,not suicide post
336,Damn really hate myself rn,potential suicide post
337,@TdMPhotography Oh sorry would have replied earlier BUT was flickin thru my wonderful new book of ideas,not suicide post
338,"RT @913Lucero: I wanna let it be known that if any of my homies ever, in your life feel like yâall alone or just tired of living. Iâm a texâ¦",potential suicide post
339,@sarahstanley hey! doing well - looking forward to meeting up with you and @cultvines in DC!,not suicide post
340,"@qwerxcvjkl,,im done trying to be happy. it never helped and it never got approved by my parents. meaning i have to stop all of what makes me happy. and honestly, i dont want to try anymore. im just going to sit here and fail, and keep failing until one day, when death finally falls upon me.",potential suicide post
341,"@DuaneJackson tr.im are doing it with Nambu, bit.ly are doing it with Tweetdeck",not suicide post
342,Being a single mommy was never part of the plan but I wake up everyday and do my shitðªð¾,potential suicide post
343,has only been awake two hours but would like to go back to sleep,not suicide post
344,@TomFelton its amazing! I saw it on Broadway with the original cast.,not suicide post
345,"@Peerug you been puffing on that dragon again, ey?",not suicide post
346,"@schulman Yes, I am obviously the only one at the National Aviary who answers the phone.",not suicide post
347,RT @BKSportsTalk: Glass half full/glass half empty: This #Mizzou team is legitimately pretty good. If you go by Sports Referenceâs âsimpleâ¦,not suicide post
348,"time to turn off and go to sleep i think, its been a big day! Goodnight all",not suicide post
349,"@katpaps Well, I must say, your comments have even got me thinking his hair looks rather sexy, so I doubt she has much chance to resist",not suicide post
350,RT @BarcaTimes: ð­ | Bartomeu: âToday he celebrates two further honours in a legendary career: A 5th Pichichi goalscorer award and the Di Stâ¦,not suicide post
351,"@iwrotethis: Nope, you just caught me, cheers, I'm sure I will. Hope the sunshine holds out for you",not suicide post
352,@Shmerkle I went with CSI as my episode 3 of Dollhouse needed redownloading! Once that's done I can watch that then the rest,not suicide post
353,just had lovely cuddle with Tali Virgo,not suicide post
354,is home from the gym and is going to sit on her butt all day,not suicide post
355,...going for a four-mile night run....around the old B-52 bomber on Andersen. gotta tape my ankles!,not suicide post
356,Everything is temporary. EVIL EYES OFF SHIVRIT,not suicide post
357,"@petesanderson A little of what you fancy does you good, I am told",not suicide post
358,after sickness back to work,not suicide post
359,I woke up feeling great.,not suicide post
360,he is not tired of everything.,not suicide post
361,@mousehunt hi,not suicide post
362,"@cherryspoon Don't get upset by it, not worth it Besides if they do that with enough people, their accounts will not be so popular ;-)",not suicide post
363,@carriee93 we just got a picture with my boyfriend. thats what that is,not suicide post
364,@Lady_Twitster Ah it's not the same since the old days when he of the orange-face was still around.,not suicide post
365,@k1tten lol supp it aint fucked,not suicide post
366,RT @CoreyBBrooks: Living in the Hood can be really tough. I am tired of losing people to the violence. I will not give up! https://t.co/zjYâ¦,potential suicide post
367,I want to kill myself I really want to fucking kill myself im done,potential suicide post
368,"""Oh somebody kill me please!",potential suicide post
369,"@PickNicole Yes, indeed. With copious amounts of whipped cream",not suicide post
370,i am empty i ve been focusing on school and work but every day i feel worse and worse last night i got blackout drunk didnt help made me feel even worse i know that my loneliness comes mostly from my conscious decisions cant live with people cant live without them the only reason i havent killed myself yet is that i fear the pain ,potential suicide post
371,@Raiha Glad to hear you're making the switch. You will not be disappointed,not suicide post
372,i wanna fucking kill myself,potential suicide post
373,"Please retweet my Weed G. Board!!! The coolest adult cartoon.  I'm tired of living the worst times of my life, pleaâ¦ https://t.co/jxWJLxgT9x",potential suicide post
374,Off to the bakery to buy yummy stuff,not suicide post
375,is cleaning up. will start anew.,not suicide post
376,The rewards will be credited to your Huobi account in 3 working days.,not suicide post
377,@MarthaStewart proof?,not suicide post
378,@BrisbaneGirl 'hen' style may or may not involve making promises OTHER people need to deliver ... no such concerns here,not suicide post
379,"@o_crunk Keep it up, you do good work!",not suicide post
380,@SashaMcfly niiiceee,not suicide post
381,"today i almost kill myself because I almost hit by a car, thank lord.",not suicide post
382,"@shishirjha07,,@TVMohandasPai @PMOIndia @narendramodi Sir please tell does it suit to respected PM to tell âGive me 50 days and if things donât improve burn me aliveâ. If yes, then anyone can say that come we shall burn u. If not, I didnât see anyone dis-associating with this line.",potential suicide post
383,Extremely tired of everything. I just want to die.,potential suicide post
384,RT @Conteia_: Iâm a fucking lunatic when I get angry itâs so terrible I need to work on this so bad before I end up doing something that fuâ¦,potential suicide post
385,@thefutureheads : CONGRATULATIONS DAVE!! Enjoy the little 'un! xxx,not suicide post
386,@ddlovato good morning,not suicide post
387,@tommcfly yummy starbucks!,not suicide post
388,Death scares tf out of me and i am not ready to die,potential suicide post
389,I hate being by myself. Bc everything a damn music video,potential suicide post
390,@tommcfly i went to starbucks earlier,not suicide post
391,Gene has been acting a bit odd lately. When I told him about Leper wanting to jump out of the tree to join The Supeâ¦ https://t.co/jqjOwpBQ1X,potential suicide post
392,I was drinking and crying my night away as usual to find out my ex is fucking a girl in his bed so I tried to killâ¦ https://t.co/8YFPGq7C6k,potential suicide post
393,@BeatlesTweets WOW awesome pics!!,not suicide post
394,death cant be much worse i am 22 male my girlfriend left i have been staying late in the office for too long because i cant cope with the workload friends are non existent hate my family and they hate me i just want to die i dont see any other option at this point,potential suicide post
395,RT @TreyDiamonds: Hate the fact that Iâm damn near forced to figure everything out by myself but it must be done,potential suicide post
396,Good morning...good morning..good moooooorning,not suicide post
397,"@CHRISDJMOYLES im gonna watch T.M. 2 c wot they hav 2 say bout TWITTER, yor show was brilliant as ever this mornin - katie x",not suicide post
399,@fitnessbox Watch this space. Not sure how viable it is yet. Possibly though,not suicide post
400,"@AbigailBrooke29,With Jake :),RT @yxrx_x: I desperately and whole heartedly dont want to be here anymore.",potential suicide post
401,"@ninaneverknew: Me too. I want to have an overnight drinking session with friends, and I mean all of 'em! Haha.",not suicide post
402,a blunt and honest girl who just wants to take care of her family and a passionate boy perusing his dreams of beingâ¦ https://t.co/WF7QzChBHB,not suicide post
403,didn t kill myself yet i guess that is something to be proud of i had a gun but my roommate found it planning on finding a lonely bridge to end it i really want a reason to live but i just can t find one,potential suicide post
404,"@sotodance photoboth is black&amp;white. and wayyy old. we call him Herbert lol. I love him, he's like a living legend. gotta love Berlin &lt;3",not suicide post
405,@pixiepan lol. www.tv.com is your FRIEND!,not suicide post
406,@geo7 it wont be miserable for at least 2 weeks tho,not suicide post
407,tom chaplin marry me please. i melt for you hahaha.. o and pearshapebodygirl stopped talking to me! YES!,not suicide post
408,I'm attempting to make Hot Cross Buns with Bella &amp; Ari,not suicide post
409,this summarize what happened at boc chrismas special when all of them are in a chaos we still have mile phakphum romsaithong who is very calm in everything,not suicide post
410,"@eliseland :O he just replied to someone... Dougie replied to quite a few people this afternoon so you never know... besides, it's fun!",not suicide post
411,i am 16 and hate myself so much i have very little friends an introvert never had a girlfriend been bullied a lot and rejected a lot please help me i want to kill myself it would make all this go away i dont deserve to be on this earth since i write notes on paper of how worthless and stupid i am i want to become someone in the it field but i am too stupid to get in there anyways and jobs nowadays need social people and i am not one of them ive never had a girlfriend before and i want to have one because being a virgin is a bad thing and i could never live with that feeling if i dont have any friends or a girlfriend wheni am an adult i plan on committing suicide can you please help me thanks for reading,potential suicide post
412,"@Logman765,Lincoln, NE,RT @LoliThicc: Im sorry if i really want my life to end im sorry i drank for week straight i am sorry but its hard to say its gonna be fineâ¦",potential suicide post
413,bruh i HATE myself a hot guy that iâll NEVER SEE AGAIN says ONE THING to me and iâm like damn that would be cute toâ¦ https://t.co/GbaysqYRwU,potential suicide post
414,It makes me hate myself and i didn't do a damn thing,potential suicide post
415,y do i overthink everything in my life and then make myself believe these things. i just end up disappointed or stressed ugh,potential suicide post
416,@joyciebo hi cutie welcome to the twitternation,not suicide post
417,Is chilling wit my boy,not suicide post
418,i dont have long left this past month has been the worst 3 weeks ago i went on date with a guy and went to his place afterwards and he tried to force me to go farther than i wanted to go ive been afraid to even hang out with a guy since the next day i was fired from my job i spent the whole rest of that week alone filling out job app which didnt help with my depression the next week i started having some issues went to get tested and found i had gotten gonorrhea from the guy that tried to force me i went to dinner at a friends house and my car ended up getting towed so i owe my mom 150 for that i almost attempted suicide that day last week and i started work last week but will only be getting a partial paycheck because of when i started and i amcurrently 75 for my bank account and behind on my bills so i dont know how much this check is gonna help i just dont have any fight left in me anymore,potential suicide post
420,Tomorrow is going to be GREAT! - Altho if I get eaten by a dinosaur Im blaming Sophie.,not suicide post
421,I'm sick and tired of people putting so much energy into shitting on ships but they won't do the same to help a livâ¦ https://t.co/hyFuB3D04a,potential suicide post
422,loving the credit crunch,not suicide post
423,@realDonaldTrump It already is! At least in France one doesn't die/loss everything when get sick &amp; have at least 1â¦ https://t.co/QYN3ku1Q8T,potential suicide post
424,"@cakeandcommerce it was one of Hugh's at Eastern Standard, but it's definitely one I'll be planning on making myself in the future",not suicide post
425,@mizphenomenal god wrote that i just typed it,not suicide post
426,the only reason i havent killed myself is because i am terrified of it just being worse or being stuck as a ghost or some crap like that however much i want to live and i really do i simply cannot stand the pain of the reality i am in or the way people treat me,potential suicide post
427,@royaltybites : SLUMDOG MILLIONAIRE! OMG. Or the new one by James Patterson,not suicide post
428,hey guys at home watching telly,not suicide post
429,should not be crushing on a boy (with a nice smile) just 'cos he asked for my number... hmm...,not suicide post
430,"@JonathanRKnight Aww that's really sweet of you, I hope you will come back to the UK, would be great to see you again xxx",not suicide post
431,"@limyh Eh...where got face off la...we are all kawans here. Right or not, @staronline?",not suicide post
432,Became as hot as the persistent days resting heavily on tired flowers,potential suicide post
433,"@Tashuurrx,,RT @jaemverse: i just dont want to be here anymore",potential suicide post
434,So I blew hella money at Joannâs ð damn it. I hate that I do this to myself but I love to make shit,potential suicide post
435,the damn 3D movie glasses... I hate myself,potential suicide post
436,preparing for death letting things go i just have one last thing to let go of not trying to get people to panic and attempt to save me as if they could just feels good to be real somewhere to share whats going on to wonder if it will make someone else feel less alone perhaps just me ,potential suicide post
437,my 13 year old daughter overdosed on about 6 grams of wellbutrin and 1500mg of zoloft i am trying so hard to make this right she was airlifted to children s hospital and now she s laying in her hospital bed unresponsive and her muscles are jerking this has been the scariest day of my life that child is my entire world she s all i have i have out my heart and soul into raising her i never want to lose this little girl but here i am she s about to be 14 she s a little on the eccentric side but she has a heart of gold she s never met a stranger but ever since 8th grade has started she has been getting bullied and the teachers don t really do anything about it this was her way of coping i went to wake her for school this morning and found her covered in vomit and she had been hallucinating and having seizures for hours probably what if i hadn t found her why does she feel like this is the only way i want to make all the bad go away how do i do this how do i help her cope i didn t know who to turn to,potential suicide post
438,"My band director just said &quot;As King Julian would say, don't play like pansies!&quot; LOL",not suicide post
439,iâve been ugly all my life ugh this is not fair i wanna be cute for at least one era of my miserable life.,potential suicide post
440,I am so tired of everything. Please just let me die,potential suicide post
441,"@AmandaFPatton haha, well it's never a permanent state for me (offline)",not suicide post
442,@DanceofLife just twigged you mean your financial presentation? Yes I'll have a look at home and mail to you today,not suicide post
443,I need a job that revolves around promoting  mental health but I think itâs so grimy to make money off of that ð¤·ââï¸â¦ https://t.co/h9QSTVZxxf,potential suicide post
444,these thoughts about killing myself her getting louder,potential suicide post
445,I don't know what to do. I'm trying so hard to make a life work. To live life. My husband literally refuses to takeâ¦ https://t.co/3m3ULoIJ1b,potential suicide post
446,"@_zannahthatsme,Kota Kinabalu & Johor Bahru,RT @Tendrx: honestly, the pain, i dont want to be here anymore.",potential suicide post
447,RT @breathiingo: i wanna die. i donât deserve a piece of anything. i donât belong anywhere. iâm sick and tired of everything. the same peopâ¦,potential suicide post
448,@AnitaHarrell19 @PeterParros I agree with everything except Benny. I'm tired of him. His character is boring and needs to die. IJS ð,potential suicide post
449,@timelkington dont do it Tim - he will be in your dreams at nite but only if u spend over Ã¯Â¿Â½300 and use the 15% discount he sent last week,not suicide post
450,@VrouwHolle aww I am proud to be your first reply and that I have taken over your updates haha,not suicide post
451,is loving the sun but is upset she cant make the picnic thurs,not suicide post
452,Happy birthday @paul_lander!,not suicide post
453,please somebody come fucking kill me im so in LOVE!!!!! https://t.co/e13ilxL9XJ,potential suicide post
454,I'm tired of living in a world,potential suicide post
455,"RT @shelbypie24: I saw a quote on Pinterest that said, âWhen I stand before God at the end of my life, I hope that I donât have a single biâ¦",potential suicide post
456,@balsamicth I couldn't hit you up? I hate it when this happens. I hate myself when i do it. Yet i do it constantly.â¦ https://t.co/WZwSi1OKCm,potential suicide post
458,@Jeicky_the_cat @skwi69 Thanks,not suicide post
459,@ddlovato here are 15:55 GOOD MORNING!,not suicide post
460,i m not safe with myself i have been suicidal for a while now i have made 4 attempts this year and yet nobody seems to get it i honestly cant say if i am going to kill myself today i keep breaking down crying and i dont know why i hate myself ,potential suicide post
461,"Iâm so much happier &amp; better off without you weak , fake lames ð leave me alone , I donât need you anyway #bigslime ð ",potential suicide post
462,@JennW Thank you!,not suicide post
463,"@adoredesalon WHAT? You so need to put that on the site. You know, cause us bloggers LOVE free wifi!! Awesome.",not suicide post
464,"@NanaRaine i imagine it would be, not exactly close",not suicide post
465,@bobbyllew That could have been embarrassing! At least you remembered this time today and not this time tomorrow! Small mercies!,not suicide post
466,RT @LSUBonnette: Had a feeling it was going to be a great day got to meet John Stockton before the game,not suicide post
467,@Shesouldeep yup me too,not suicide post
468,@kissability I'm actually listening to Chopin in the dark right now,not suicide post
469,"Whenever I have dreams of my mom lately, itâs as if sheâs still alive and that she never went away ð³ but then againâ¦ https://t.co/fgV1SvUvkO",potential suicide post
470,RT @AprilMaeJackson: R.I.P @xxxtentacion I didnât know much about you but you helped out in hard times you didnât deserve to die at such aâ¦,potential suicide post
471,i hate feelings at this point i think i am clinging onto life waiting for the right set of circumstances to just let go my feelings keep holding me back i hate them i hate having to feel i hate each and every one of them theres something comforting about the idea of nonexistence something comforting about the idea of nothing i long for it,potential suicide post
472,sorry people who arent toxic and wanted be friends.,potential suicide post
473,"@Sassy1inVegas NP? Lol. hhmm will Danny and Jordan join in? Danny maybe Jordan, me hopes not.",not suicide post
474,codeine ativan sleep meds alcohol tell me why i shouldnt i am hopeless i m ready to give up,potential suicide post
475,i am going to kill myself this weekend i dont see any reason to stay alive nothing has changed enough to make me want to stay i was raped as a kid and now all i am to people is a sex object good bye everyone ,potential suicide post
476,got a crush,not suicide post
477,"RT @rcromwell4: If people don't want you dead, can you even claim to really be alive?",potential suicide post
478,i want to be a businessman in futer,not suicide post
479,"mafumafu: ""OH SH IT oH G OD"" *scrambles to get everything he didn't pack*â¦",potential suicide post
480,"@pjgariel Yeah, still chilly here too but s'posed to return to normal temps this week. Gonna spend some time with the girls this week!",not suicide post
481,Tuesday in the great metropolis of Hanover... what could be better,not suicide post
482,Long. Live. Life,not suicide post
483,RT @HelmanDC: I know you think you're sad that the Cowboys don't play today. But any day your team can't lose is an occasion worth celebrate,not suicide post
484,@annaarco I gained weight I'm one of those people everybody hates who can loose weight on a cake-and-cookies diet.,not suicide post
485,@earsn my baby is tired now.,not suicide post
486,@aussie_ali @heidiheartshugs toothpaste??? If you use the whitening stuff the bleach will burn a layer of skin off.,not suicide post
487,"@aylush firstly, thank you secondly, is the kite runner historically off?",not suicide post
488,THIS SUCKS MAN I REALLY DON'T KNOW WHAT I AM ABOUT TO DO ANYMORE RASH DECISIONS AFTER RASH DECISION. NO CONTROL OVEâ¦ https://t.co/sqvNu2Rxs6,potential suicide post
489,i am just a mess i ran out of meds and i havent had the strength or energy to go refill them i went to class today and ended up sitting on a sidewalk ugly crying and making people think i am a fucking headcase all i do is sleep and i never feel rested i m alone in a new town and i have no friends and all i want is someone to sit with me and talk a while i am hanging in there because i brought my cats here to this strange place and i cant just leave them to think theyve been abandoned i just took a three hour nap and all i got was a headache and still tired i have no clean laundry my room is a clusterfuck i havent combed my hair in days or eaten and instead of doing things that need donei amlying here trying to avoid intrusive self harm thoughtsi amlazy and awful and i cant get myself to stop it,potential suicide post
490,"Coming home stoked bears this afternoon with mikeyj, Alton towers tomorrow.",not suicide post
491,I streamed two episodes of Riverdale and I hate myself so damn much because now I have no data ð­ð­ð­,potential suicide post
493,iâm so tired of living,potential suicide post
494,Now I gotta go into the bank tomorrow and see what the fuck is going on. I had problems about 3 weeks ago with a biâ¦ https://t.co/I0WIPHXt5u,potential suicide post
495,"@therealnph yeah, cool bookshelves I've got the one with the various books that are pinned to the wall",not suicide post
496,#cflsc1 enough of the shameless book plug,not suicide post
498,why do i get attached so easily this is the one thing i hate about myself the most i end up being my own worst enemy all the damn time,potential suicide post
499,"@betchbelleza,,RT @jaemverse: i just dont want to be here anymore",potential suicide post
500,"thanks to @Posh_Totty cant wait to get home from work tonight, for some reason",not suicide post
501,Bad habits are more difficult to identify in your work life. #careerinspiration #careergrowth #habits,not suicide post
502,nearly holidays on the other hand.... camping D: D: D:,not suicide post
503,In tired of everything. Cant wait to die.,potential suicide post
504,health anxiety prompting some bad thoughts in my head i have been struggling for 2 months now with some health issues as a 26 year old male my pessimistic nature just makes me think about the worst my hands and feet are currently tingling and burning i just keep picturing myself on a wheelchair being a burden to my family girlfriend and so on suicide thoughts come to my mind as i prefer to put a sudden end to everything instead of deteriorating myself day after day losing motor and cognitive functions life is already hard as it is and now my health is failing for the first time ,potential suicide post
505,DANIEL WON!,potential suicide post
506,@brightlydusted a friend i knew online from last night finally added me up on his messenger.,not suicide post
507,"@btchtits,Leven, Scotland,dont want to be here anymore",potential suicide post
509,There was a young man who got tired of staying in this world. They called this the living world but he does not feeâ¦ https://t.co/oGrCQipO0Z,potential suicide post
510,patient: i hate myself and i want to die,potential suicide post
511,@davethackeray LOL! You saw that? Hahaha...was a fun day of exploration and experimentation!,not suicide post
512,@michaelgrainger @Scyranth *gigglessssssss* Ya'll are awesomesauce,not suicide post
513,CUT MY WRIST AND BLACK MY EYES,potential suicide post
514,"RT @rikis_e: since we're talking abt him, hey uhh remember when YandereDev said intellectually disabled people deserve to die, played RapeLâ¦",potential suicide post
515,"I never knew that my grandfather ð´ð¾ death was so hard on my mother like it is on me, I guess maybe I thought she waâ¦ https://t.co/WYgCqINw4O",potential suicide post
516,"RT @mjs03093641: TWEETS  are the real life,  awkward conversation starters between strangers.",potential suicide post
517,"Eating an Ed's waffle, with icecream cream n chocolate sauce. OMGOSH amazing!!!!",not suicide post
518,"wow, im sooo sad i had everything planned out on when i was going to leave home &amp; go to college in denver... and yoâ¦ https://t.co/rXS5MlxBqf",potential suicide post
519,@snigdha are you expecting?,not suicide post
520,how many times do i have to be in this position for my fucking mother to realise that if i stay here iâll either kiâ¦ https://t.co/lBQ8hoeHC2,potential suicide post
521,wanted to kill him.,not suicide post
522,"@zephrode @julouille3 Comme je le dis si bien ""let me hate myself god fucking damn it""",potential suicide post
523,"Hello, people on Facebook. Do you like the way I'm spamming all of your newsfeeds with Twitter?",not suicide post
524,"@bcuban @Popehat Not a lawyer, but I was diagnosed with depression when I was 12-13. My brother swore up and down tâ¦ https://t.co/eMWrR6PBWh",potential suicide post
525,Getting blown out by the worst team in the league while they wearing these is whatâs gonna be in my suicide note https://t.co/pFrF1Iol4a,potential suicide post
526,maybe i think i deserve to die,potential suicide post
527,i m not good at pretending that i am ok so i look like shit i dont smile i still have acne i am 19 i have black circles under my eyes and i have a very pale skin cuz i never leave my house only when i go to school so people stare at me every day some of them point at me and they just laugh some of them give me that disgusted look and some of them just tell me that i m ugly or that i look like a fucking methhead i m so fucking depressed for many other reasons but i think this is the worst one i also have social anxiety so i dont have any friends and i never had a gf when i try to talk to someone i just turn red and its so embarrassing i have already attempted suicide last month and i still feel like shit,potential suicide post
528,If you're tired of living for the 1st and 15th and you NEED to do some IMMEDIATELY...like when your regular deodoraâ¦ https://t.co/6xpv0nBVua,potential suicide post
529,I want you to come home right after school.,not suicide post
530,"@hellomonette,buk - cdo,i dont want to be here anymore",potential suicide post
531,RT @EekrawK: This is my sister-in-law Sana on the left and her on the right. It's nice to hire your family members and create a conflict oâ¦,not suicide post
532,in debt i will kill myself on thursday i am going to stab myself in the stomach or take a lot of pills i m not sure which to do yet sorry for spelling and grammar i am sure nobody here cares anyways ,potential suicide post
533,@whiskymac1746 Afternoon to you too,not suicide post
534,Today i almost kill myself because I almost hit by a car.,not suicide post
535,It's always great to hear from actors whom I've directed! Trying to encourage them to join Twitter!,not suicide post
536,@ShannonRenee,not suicide post
537,I want to go park.,not suicide post
538,Last few hour in England...,not suicide post
539,"@mcherrywv pleasant is right thank u V8 ppl, ur the best!!!",not suicide post
540,how many people does he wanna rip it out of really,not suicide post
541,I LOVE sleeping until I'm FINISHED!,not suicide post
542,"@spindlestudios Why, yes, she is the exceptionally talented goose that works for you! And, Brioso, well, you just wouldn't understand.",not suicide post
543,everyone follow kade,not suicide post
544,"@GlamLifeGuru Omg!!!! Theres fires and craziness goin on and you cant go home cause of it, and people are seriouslyâ¦ https://t.co/TFVjk6d2m7",potential suicide post
545,@olimould Lewis,not suicide post
546,honestly i'm so tired of everything and myself can i just die already,potential suicide post
547,"@luvmandy384 I am now, by .. um.. 2 WOOOO!",not suicide post
548,Females will be fucked up in the head and blame a nigga for them being fucked up...yâall gotta take accountabilityâ¦ https://t.co/7JIY10zPEG,potential suicide post
549,i wanna fucking die im so tired of feeling pain constantly GOD i need to be left alone and cry and wallow in my misery until i feel better,potential suicide post
550,i dont tell people how i feel because i am pretty sure nobody cares about me even writing this brings me anxiety because i know i have to interact with people i just wish i could cry myself to sleep and never wake up no one would every truly miss me,potential suicide post
551,"Now playing J. Gardna ft 2 Pistols, Tone Trump &amp; Drop - Die Alone (Remix) (Dirty) on Street Style Radio",potential suicide post
552,Bed time!,not suicide post
553,"If any of you are having a boring Easter, then send me a note on msn I love to chat with people. My msn is ninaalbertsen@gmail.com",not suicide post
554,"You DO know that you have absolutely no power... yet. And when you do, this whole thing will be dead and forgotten.â¦ https://t.co/eZRhCl3IWc",potential suicide post
555,RT @normanilovato97: why is it that everyday i hate my life more and more i really feel im destined to be miserable forever,potential suicide post
556,daycare is so damn expensive. and the only reason why im getting a discount is because the owner knows my aunt. butâ¦ https://t.co/6Ml25B4CYE,potential suicide post
557,Isn't it sad that after seeing a firetruck in front of a building my first thought was to look up in case someone wâ¦ https://t.co/Ro8dAw5j0N,potential suicide post
558,hahaha how is everyone?,not suicide post
559,Just woke up ...Good morning everyonee!,not suicide post
560,i can t do this anymore i have no hope i m a senior in college and i just want to die i don t fit in and i feel like no one cares about me everyday i wake up and i try to tell myself that today is a new day but it doesn t work i hate everything about myself and i feel so alone i have no one i don t care how i look and i don t even want to get up in the mornings i just want to end it all end all the suffering and the pain i just want to feel nothing for my anxiety and depression to leave me alone i don t know where to turn but i just can t keep doing this anymore ,potential suicide post
561,@gilloux I hope you're planning a kennel launch party,not suicide post
562,"@TylersDunflower,Trench,I'm not feeling happy",potential suicide post
563,Living as a hardcore empath is so hard. I'm tired of being nice and putting emotional labor into those who are undeserving,potential suicide post
564,@Allanahk but 26 characters? Yr last tweet wouldn't have made the cut...,not suicide post
565,"@TheLoneDude1,United States,Why is everything so cancerous now. Like I cant even remember anymore if all this corporate crap has always been here or not but it's freaking stupid. I just want to watch a youtube video, I dont want to be force-fed a stupid product every time i go online like its cable TV.",potential suicide post
566,please forgive me i tried to get help i dont know what else to say i am tired of being a burden on everyone else i am tired of everyone writing me off i cant help who i am and i have tried to get help i have a plan and in a few weeks i will no longer be a part of this world,potential suicide post
567,i feel like my time is coming soon like i m running out of time i ve had enough and i m ready to call it quits i ve attempted before but this time i can t afford to fail i have many different pills and other ways i can end it i just need to figure out the best time when maybe tonight maybe tomorrow who knows,potential suicide post
568,i dont know anymore these 4 words make my life a living hell no matter who i say it to in the sudden absence of happiness i know only sadness i have nothing to look forward to because i have fucked my chances up at even having something decent no job no girlfriend and absolutely nothing to motivate me at this point i dont even know why i am still alive it pains me that i am alive,potential suicide post
569,Had a nice lunch time for some work now.,not suicide post
570,@Fran6 thx,not suicide post
571,"I work with a lot of Russians in the SoCal office and they look completely miserable. Whenever I see them,â¦ https://t.co/f3hfTkoc4E",potential suicide post
572,"Hello, world!!! Tis my first tweet",not suicide post
573,@Pete_Brown That's In-and-Out,not suicide post
574,she want to kill him.,not suicide post
575,"""Suicide has now become my new world and I am desperately searching for answers. Because to those that knew him besâ¦ https://t.co/l2nYZIdS7k",potential suicide post
576,"Has anyone had an great success stories on Twitter? If so, I would love to hear your story. DM me",not suicide post
577,Is awesome i do believe you're all jealous. But i sorta dont wanna go to dancing tonight. Someone else drive me?,not suicide post
578,@sixers got the best team in the east. @warriors vs @sixers in the chip.,not suicide post
579,is watching some of his old stuff on Youtube... ahhh the memories,not suicide post
580,"I know I canât get all the things i want in life, but when does it get to feel like at least fixing my mouth to sayâ¦ https://t.co/teGorYjZWQ",potential suicide post
581,"@slydevil damn right!, kinda hate myself for not having the system to lay it on... being poor sucks",potential suicide post
582,in curand voi fi pe .ro thx to blogway si CNSC,not suicide post
584,When I was in middle school I wanted to be emo don't judge,potential suicide post
585,happy birthday!,not suicide post
586,Oh my god if that Jim Acosta did to that woman was fucking abuse WHAT DO YOU THINK TRUMP HAS DONE TO FUCKING WOMENâ¦ https://t.co/U1eFGgIyuy,potential suicide post
587,i am newly married and my husband is wonderful i love him so much we are very much in love so why am i suicidal i honestly cant figure it out 9 days out of 10 i am absolutely fine happy positive excited about life then it hits me depression crippling anxiety suicidal thoughts i cut i cry i crumble on days like this i cant believe that anyone cares at all about me except my husband then i feel like i dont deserve him and sometimes push him away whats wrong with me what should i do i just cant shake the thought that everyone would be better off without me especially my husband,potential suicide post
588,@khalidh nothing before BlogWorld Expo on the schedule at this stage - have netbook will travel tho',not suicide post
589,thanks #Aylesbury #Audi for very quick service in fitting shiny new number plates,not suicide post
590,i feel like no one cares i just want to die maybe then i d feel less lonely,potential suicide post
591,"Today, one year ago, I lost a neighbour, and friend, to #suicide. So here is a quote that got me through my worst tâ¦ https://t.co/a83mtDdWsA",potential suicide post
593,"I feel sorry for my 64 followers, cause my posts probably take up their entire page",not suicide post
594,@TinaCook Morning Tina - the fact is we'll do something with it. Wouldn't it be great if it was something BIG?,not suicide post
595,"Wow! Just back from my longest ever non stop run, 14 miles. Now I truly know what sore legs feel like! delighted tho",not suicide post
596,"@JasonStatham1 Greetings Jason. So far, Twitter's great today. Thanks for taking a moment for us. Enjoy your swim. Hugs, Angel",not suicide post
597,But his blood runs through my instrument and his song is iâ¦ https://t.co/vKSEal470M,potential suicide post
598,@mikeyway Liking it,not suicide post
599,Tired of living this life,potential suicide post
600,She want to be a doctor,not suicide post
601,"Good morning, @mirandaanzures .... Only about eight hours until Noodles.... The only positive thing I can think of right now",not suicide post
602,It's going to be a beautiful day--I am going to have a new granddaughter!,not suicide post
603,you guys are mean I would never wake up my friends,potential suicide post
604,"Mesh mohm, i just wanted you to know that youâre the softest person came to my miserable life â Oh this is sweet",potential suicide post
605,DISAPPEARING WHEN YOU WAKE UP BUT THERES NOTHING TO BE AFRAID OF EVEN WHEN THE NIGHT CHANGES IT WILL NEVER CHANGE ME AND YOU,potential suicide post
606,So tired of living with these niggas.. only 2 1/2 months to go,potential suicide post
607,"@vespertitties,,god kill me literally just. fuckin hang me stab me burn me alive",potential suicide post
608,@tommcfly hot chocolate xx,not suicide post
609,What a great feeling and never gave up well done @67Shakey @BeWiser kept a cool head all weekend. #age is nothing https://t.co/GDFHwwsk2s,not suicide post
610,@aprilmcvey whyy dont you update somemore mom! HAVE A BLESSED DAY!,not suicide post
611,cheated on my gf drunk and now i wanna kill myself didnt know what i was doing was shitfaced drunk an d now i am all alone with no gf and my friends hate me for cheating i dont want to feel pain anymore ,potential suicide post
612,"Having someone want your love, your passion, your heart and your soul... To return it all in kind measure... This is the greatest gift of all.",not suicide post
613,"@mint69 yo mate it is working! like a charm, be prepared to tweet my feed! some interesting people to follow too if you can find them",not suicide post
614,RT @BreakfastNews: âRegional Australia would be Siberia without the ABCâ,not suicide post
615,Who the fuck looses their damn keys? I hate myself ð¤¦ð¼ââï¸,potential suicide post
616,i wanna die pls i'm tired of everything,potential suicide post
617,@DonalMacIntyre ello you were fab on DOI im going to the tour tmwr cant wait!! xxx,not suicide post
618,@DanceMassTV Thanks! It's just what I think.,not suicide post
619,@alonpeer 10x man any tips or ideas?,not suicide post
620,i want to be a engineer.,not suicide post
621,"I want to be out in the sun, walking down a beach, with Joey",not suicide post
622,i sexually harassed my crush i feel like there is no place for me in the world for a long time now about half a year i have been touching my crush who is not interested in me without consent i work alongside him and we are both part of a very tight group of friends so he has to see me every day and every single time i try to touch him stare at him and sometimes even take pictures of him only recently i have realized the implications of what i have done and that i am hurting him i feel like i betrayed him and myself for doing something that is completely against all my values i want to change and i know i can but i amafraid i will lose the will to live if i cant get myself to stop touching him ,potential suicide post
623,I hate when I have to rate my group members because Iâll ALWAYS rate them higher than Iâd rate myself knowing damnâ¦ https://t.co/bFUvC55DTT,potential suicide post
624,Havenât watched WWE since Extreme Rules. I will now begin last nightâs Monday Night Raw. This is my suicide note.,potential suicide post
625,@wookim and the consensus was... ?,not suicide post
626,@xdcd What are you saying about yourself,not suicide post
627,RT @voidpaola: LOLOLOLOLOL I HATE HOW I TRUST PEOPLE WITH UGLY PICTURES OF MYSELF AND THEN THEY BREAK THAT TRUST LIKE LOL DAMN OK IT BE LIKâ¦,potential suicide post
628,RT @jmattjmattjmatt: When youâre trying to go out for pre-game and you hear... âAy come take this pic with your family!!!â Oh well... happyâ¦,not suicide post
629,"RT @PostRoz: In AF1 call, Theresa May tried to flatter Trump with congratulations for GOP wins in the midterms. He responded by berating thâ¦",not suicide post
630,He doesn't want to give up but he's afraid to even touch the equipment much less pack it up.,not suicide post
631,@elleeseymour I didn't realise you were trustee. There are loads of you aren't there? Find RASE structure quite confusing!,not suicide post
632,"I feel an infinite sadness in my soul and I feel so lonely, so empty, so disappointed, so desperate, so distressed,â¦ https://t.co/SwTFkygc5k",potential suicide post
633,@Mennard have fun! bet you unearth all sorts of goodies!!,not suicide post
634,@yerea679 not tired.,not suicide post
635,"RT @tomorrowithryu: And I hate the fact if it's true Dojae will do surgery, Dojae has to endure the pain alone :'( without Segye ð­ð­ð­ð­ altouâ¦",potential suicide post
637,Chillin,not suicide post
638,Good morning.,not suicide post
640,Beans on toast with Simona. Can it get any better ?,not suicide post
641,@fisbeed get back to work,not suicide post
642,why cant I loose enough blood on my period that I just die ugh â IDK go see a doctor https://t.co/P2PTooYnT5,potential suicide post
643,"@sanguivori,kaycee!!â¡ glenn!!â¡,i dont want to be here anymore i wish i was dead",potential suicide post
644,"I fell in love with her courage, her sincerity, and her flaming self respect. I love her and it is the beginning of everything.",not suicide post
645,RT @axelsoup: the false information of hanyu never having to study like any other person as if he didn't have to wake up at 5AM to take entâ¦,potential suicide post
646,"RT andreamvaldez: ""Trumpy Bear isnât your average meme-bred merch gone viral: It appeals to everyone and no one, itâ¦ https://t.co/yhS4IpnQTJ",potential suicide post
647,@mrsgiggles83 hey black hair suits u by the way,not suicide post
648,"I hate that Iâm at war with myself daily. I hate living at home like this, bc Iâm told my emotions donât matter. Iâ¦ https://t.co/1gPpI18pwQ",potential suicide post
649,RT @damnitdolann: I fucking hate my whole family all they do is making me feel fat and I'm so done with feeling bad about my body and constâ¦,potential suicide post
650,"@healthwarrior A watched pot never boiled, mate - distraction is the name of the game",not suicide post
651,Dunno why my phones done me so dirty and made videos of me and my exâs Cos of face recognition with the backgroundâ¦ https://t.co/x6KfbmgBP9,potential suicide post
652,spent 1 day doing 'research' ... i'm feeling Great! an achievement! =D,not suicide post
653,@Raawry Lol good id we should all dress up as twitt bird and listen to twit podcast all night! @apattys thanks,not suicide post
654,@shruticute Hmmm... my mom... well... thanni thelichu vettutaanga...,not suicide post
655,poor @littlebrownpen ! Fortunately you have a good sense of humor,not suicide post
656,@nellclothing @TdMPhotography Crikey! Check out the Manfrotto worshipers!,not suicide post
657,about to open birthday presents,not suicide post
658,"After looking at the American suicide statistics, I was shocked to see that white men in their 40s-50s lead. Rightâ¦ https://t.co/ZLYTWuxVbQ",potential suicide post
659,I have amazing people in my life that encourage nothing except the positive. Thank you Lord for blessing me.,not suicide post
660,"@judyk113 Yeah, we're going to have neither, but it's all good. Hope you do.",not suicide post
661,@SamanthaPaige3 This is the best thing to pop on my Twitter all dayðð what cracks me up is that billy is in it tooððð,not suicide post
662,I hate myself,potential suicide post
663,@SLDalby Why YES xx,not suicide post
664,@DmitriCain Ok thanks! I am not getting off Twitter just yet.,not suicide post
665,Home sweet home shower time,not suicide post
666,@Cathay_Pacific just wanted to say a big thank you for being such a great airline. As a travel writer things like this mean A LOT!,not suicide post
667,"@suziam what 'bout something a bit more Lo-Fi.. Dictation (failing that, one of those projected keyboards)",not suicide post
668,I was called in yesterday at the Guidance Counselor's office. I thought I did something bad as my ID was blocked. Iâ¦ https://t.co/jka0bYtvG9,potential suicide post
669,Hi what the fuck have I been doing with my life lately?,potential suicide post
670,"ok, everyone who's racing this weekend, dm me with a picture of your car &amp; the make and model. i'll put it all up on my blog",not suicide post
671,@baikini I don't want them using my phone.,not suicide post
672,"Can't wait until the new Star Trek movie comes out, looks good",not suicide post
673,I want you to sense my magic without touch.,not suicide post
674,when that muffin guy said âplease somebody kill meâ I felt that shit,potential suicide post
675,"@laurene planning to do that, too. while in transit anyway",not suicide post
676,I got twitter 4 my iPod touch yaaaaaay!!!!!!!!!!!!!!,not suicide post
677,The Orange TV #iPhone app is really disappointing. Low quality video streams and obviously nothing interesting on the TV,not suicide post
678,RT @camerondallas: if i donât love anything i canât get hurt,not suicide post
679,Time to fly! Ord-dca-ord-clt 16hrs clt-ord-iad-mco 13hrs mco-ord hm in time for date night,not suicide post
681,"@monster344, how great is that?",not suicide post
682,@WAHMBizbuilder absolutely! Are you due in Melb any time soon?,not suicide post
683,Iâm a fucking lunatic when I get angry itâs so terrible I need to work on this so bad before I end up doing somethiâ¦ https://t.co/13FuEpPVue,potential suicide post
684,@declanshalvey yea you're right it's shite,not suicide post
685,"trying to find something formal to wear in a casual closet, jeans and popculture shirt will do good enough.",not suicide post
686,@Sam_Johnson I'm with ya there,not suicide post
687,RT @CapcomFighters: Congratulations again to @tokidoki77 for taking the Asia Regional Finals title! Thanks to @Yoshi_OnoChin for giving out,not suicide post
688,@beijingboyce &quot;ice&quot; Why?,not suicide post
689,I don't want you to start feeling neglected.,not suicide post
690,@pinkfrangipani it's take me to the river from sydenee,not suicide post
691,@idazz Even I can't run that far! Yet!,not suicide post
692,It's one of the perks of working for the NYSE Ger!,not suicide post
693,going back to straighten my hair download some nds roms first though,not suicide post
694,Fake news just went ballistic. Get ready.                                 You thought fake news was bad? Deep fakesâ¦ https://t.co/LnXcyfRktk,potential suicide post
695,"@HZilionis The thing to remember is, obsessing sucks up energy you could put into that new story! I say kick worry to the curb.",not suicide post
697,"@slxmdunk,United Kingdom,@Pamaj what hapens if i dont want to be here anymore?",potential suicide post
698,"@gcoakley13,,2nd is 'i dont want to be here anymore' by em too",potential suicide post
699,Damn I fucken hate shopping bc then I feel sooooo broke. Like I canât even enjoy myself anymore,potential suicide post
700,i am great and wonderful i am worth it except not enough to be anyones first choice everyone tells me how wonderful i am but not enough to be loved like i love others i put aside everything for people but i am too crazy to hold a job too nothing to be really loved i am not entitled and i dont even have the right to die on my own terms and i am an asshole for being angry about it for being upset that i am there when other people treat me like shit and cant be bothered wheni amhurt,potential suicide post
701,"why do i destroy all my opportunities? am i going to kill myself on accident? if i only get worse, does that mean aâ¦ https://t.co/Ur1sapAyLo",potential suicide post
702,@MonicaLewinsky @VanityFair Who cares? It happened and it is in the past. You have nothing to apologize for. Hillarâ¦ https://t.co/7hCvOUANCm,potential suicide post
703,@misspolyamory maybe more hugs is what i need,not suicide post
705,GOD FUCK IM A DUMB FUCKING IDIOT WHO CALLED OUT PERSONAL INSTEAD OF SICK GUESS WHOS GETTING THEIR THIRD REPRIMAND Sâ¦ https://t.co/r9W52o6LNY,potential suicide post
706,"@Wiggly I do I thank them for example when their code doesn't have many bugs, or when they make it easy for me to automate.",not suicide post
707,and that's why we are in the classrooms working with them. Right?,not suicide post
708,Like all I want to do is shove a knife into my fucking stomach I hate myself so god damn much,potential suicide post
709,@MiaMiaDC - Good morning!,not suicide post
710,i hate that iâm not okay. i hate that i fucking want to kill myself but donât bc i donât want to leave my family stâ¦ https://t.co/QKmnrE63Ea,potential suicide post
711,"@Sannymoorby,,Is it horrible of me that i want to commit #suicide, that i dont want to be here anymore",potential suicide post
712,@AuntieCelene I think I'm going to try making those newspaper thingies this year. Got a lot of herbs to grow!,not suicide post
713,Is on the train more shopping Yay,not suicide post
714,Gooooooood morning!,not suicide post
716,overwhelmed and enjoy it,not suicide post
717,@helloitsliam todd loves steps,not suicide post
718,@_aang21 I love you I love you ð¥â¤ï¸,not suicide post
719,Chillin with Lucy...beautiful day today,not suicide post
720,@maufeitioblog obviously,not suicide post
721,i wanna go to sleep forever and never wake up im so tired,potential suicide post
722,@danielhilton I know that's real. My bf fell asleep &amp; I'm editing video... XO,not suicide post
724,"@emwinward I hate myself, and my damn autocorrect ð",potential suicide post
725,is off to Dundrum with Martin,not suicide post
726,@lucyinglis I had to unexpectedly put down one of my rabbits last week and it hurts like hell. It's bad enough whenâ¦ https://t.co/txOkQtHTs4,potential suicide post
727,just got out of the shower. nothing says 'wake up' like body lotion in your hair,not suicide post
728,@samotage what was channel and time of prog politicians with no formal training bathe in SIMPLEXITY a la CNUTROY!!!!,not suicide post
729,after im gonna have a lok in d argos catalouge 4 summ bday pressies or look online,not suicide post
730,"is reading through some interesting articles on our own Extranet, surprisingly good stuff",not suicide post
731,@suitelifeofkell and then i stole that shirt. and sold it on ebay,not suicide post
732,@MissxMarisa Oh sounds like a top movie Really? I don't know who that is but they should hah.,not suicide post
733,Morninggggg how am i just up now when my alarm went off two hours a go...,not suicide post
734,@Schofe You too,not suicide post
735,I only have like few of thesis chapter to go and like its oso like already filled in but my lazy ass being extra daâ¦ https://t.co/6Y6UzBwbsR,potential suicide post
736,watching Arthur cos I'm way cool,not suicide post
737,RT @8BitSlothiness: @nickmon1112 Can this please be over with? I'm tired of everything from @discordapp to my coffee maker have a popup telâ¦,potential suicide post
738,"@juliankimmings My commiserations, is it as bad as I had heard it is?",not suicide post
739,Somebody just please kill me before my life gets any more stupid?,potential suicide post
740,"@jaredleto hey ho, jared! I'm vegan too...hope you're all right",not suicide post
741,Eating kebab in the sun. Sounds like a bad song title. Ha! That one too,not suicide post
742,Thanks @unltdworld and @danlehner for the Enternships.com plugs,not suicide post
743,"IVE LOST A LOT OF INTEREST IN NASCAR AND DONT THINK I WILL TWEET FROM HERE MUCH ANYMORE. IF YOU STILL WANT TO BE FRIENDS OR SOMETHING, YOU CAN FOLLOW MY LESS POPULAR TWITTER PAGE: @gutcheez. WE CAN BE FRIENDS THERE.",potential suicide post
744,wow i want to die! somebody fucking kill me! PLEASE! https://t.co/oyySkOcTE0,potential suicide post
745,@zergmoney tweet dreams,not suicide post
746,Playing the clarinet makes me happy,not suicide post
747,Found st thomas'and waiting,not suicide post
748,RT @MrEdTrain: #NeverForget who keeps you &amp; your family safe &amp; free ðºð¸ @USMC @USARMY @USNAVY @USAF @USCG https://t.co/z21HWgPaYn,not suicide post
749,RT @MileyCyrus: Completely devestated by the fires affecting my community. I am one of the lucky ones. My animals and LOVE OF MY LIFE madeâ¦,not suicide post
750,busy day...update tonight,not suicide post
751,Michael Jackson is a sad existance of a man.. I've already met Alanis so Prince is my last hope.. Keep The Faith..,not suicide post
752,@Starrybluesky Hello back at ya and Thank you!,not suicide post
754,"@JulieJoyce Sounds pretty fine to me and very pleased to hear that creepy is your cup of tea, too!",not suicide post
755,@xsophiejane malese answered my question on twitter! check it outt on malese her twitter it's about youu !,not suicide post
756,Wheat Thins and Diet Dr. Pepper = breakfast of champions...or people who wake-up late and grab the first thing they can find...,not suicide post
757,She was tired.,not suicide post
758,RT @ShorouqAD: Choose a job you Love and you will never have to work a day in your life. Happy future our amazing students,not suicide post
759,@brendonuriesays @trohman hope you guys have a safe flight,not suicide post
760,I think Iâm going to redecorate my living room but Iâm tired of moving stuff around,potential suicide post
761,@chinewinelover ?????,not suicide post
762,"@MNTNTOP,,fuck this shit i want to be dead so i dont have to be here anymore https://t.co/1M6PZKhT9v",potential suicide post
763,i have been reading about a group called dignitas in switzerland they provide assisted suicide via drugs that the member you have to become a member administers themselves anyone have any insight on americans travelling there for this purpose apparently they have helped many british and german citizens pass peacefully ,potential suicide post
764,"@ohvember,Portland, OR,every kid has had a tantrum today i dont want to be here i dont want to hear anymore crying i just want to go home and pet my dog",potential suicide post
765,"@horrorshock666 Oh, the puns. The bad, bad puns. I think I'll quite like the new clear sounds though x",not suicide post
766,@NPR These things are literally an everyday occurrence for my family ever since my parents came to this country. Itâ¦ https://t.co/TYCbrfobGC,potential suicide post
767,Reminder: SR Release date set for Easter Sunday,not suicide post
768,RT @AmNotJake: I'm so fucking tired of living I'm not smart I'm not athletic I'm not attractive I'm not talented I just have this fucking tâ¦,potential suicide post
769,work slave i really feel like my only purpose in life is to make a higher man money parents forcing me through college and i have too much on my plate i owe a lot of money i know this is the easy way out but i am really tired all of these issues are on top of dealing with tensions in america as well i want to rest,potential suicide post
770,@vamp_queen of course!,not suicide post
771,"#FreeKaavan Another year has passed and I am still alone, sad and suffering. Will I ever live with dignity? Or willâ¦ https://t.co/0oWffNaMQb",potential suicide post
772,@crystalweb and @sallyormond (Briar Copywriting)- an awesome combination,not suicide post
773,what now so i am 17 everyone knows i want to kill myself but nobody really acknowledges it as though even if i did it it would just be inevitable and nobody would give a shit which is true and i amfucking sick its been like 3 years of suicidal thoughts but over time theyve become disgustingly close to becoming reality and i am fucking scared i just want to die you know maybe i will,potential suicide post
774,arreeyy.. mad - o - wat..i'm wit u.. coz maine bhi.. intro hi start kiya,not suicide post
775,my life has no purpose i am broke lonely and miserable i am so my life is a sack of shit my family legitimately hate me i am poor i have some friends but dont hear from them unless i get in touch first i have been single for almost a decade generally i am ok with being single but depression grinds my world to a halt doctors dont help me nobody around me seems to understand this has gone on for 30 years i am tired cant do it any more i just want to lay down and die quietly all i want in life is to disappear,potential suicide post
776,phillies game with becca tonight,not suicide post
777,@rq_woodward Lol I love it!!!,not suicide post
778,RT @delaneykazee: iâm so tired of living in a country that has become about taking sides. bitch can we all just love and respect each otherâ¦,potential suicide post
779,@Valvert : have a nice day to,not suicide post
780,@Mileycyrus i love jesus too and im getting ready for school (&lt;3),not suicide post
781,"Update on my phone real quick, it was in my car the whole god damn time. I really fucking hate myself. https://t.co/msTC1tVqOA",potential suicide post
782,RT @joonswrlds: Jimin is so happy. I love him. #Jimin @BTS_twt https://t.co/e1IIA610tB,not suicide post
783,"You take time to think about a date, but I want to take you out tomorrow to look at engagement rings.",not suicide post
784,is a bit happier. She found her Chanel sunglasses.,not suicide post
785,Adam Sandler before he became shit predicted my future mental state...,potential suicide post
786,RT @skupor: Incredibly sad and poignant story about suicide https://t.co/u73vm5KVxK,potential suicide post
787,"I GOT MY BOX!!!!!!!!!!!!! i'll pick it up tomorrow, priscilla! @gilmoregirlc",not suicide post
788,"RT @Maddierawrk: My brother died from depression. He also frequently exercised, had supportive friends/family, was successful in school &amp; iâ¦",not suicide post
789,"RT @mkoirala: Just keep going forward, no matter what #Motivation #Success #Life",not suicide post
790,My life is way too good for me to feel so angry and miserable all the time,potential suicide post
791,i don't wanna fucking be here anymore,potential suicide post
792,@AngelaMaria1858 5 but my italian is basic for now,not suicide post
793,Haircut! Feeling fresh and clean,not suicide post
795,unfollow me now is all in gonna talk aboutfor therestof my miserable life https://t.co/ORVRYQQKby,potential suicide post
796,"@nicolaisbombay i thought it meant you are my destiny too! cause of the song! hahaha, and yes, they're coming.",not suicide post
797,Tired of living with childish people,potential suicide post
798,When my dog does end up passing on... my life will seriously be a tumbling downwards spiral....... thatâs my life. SHES my life.,potential suicide post
799,just watched chris moyles quiz night from last night! alan carr is too funny! he's the best,not suicide post
800,@rustyrockets you are a big piece of the rainbow..shine big shine bright and I will see you out there Sparkle friends forever,not suicide post
801,@danielledeleasa have you had your hair cut? it looks really good,not suicide post
802,At the end of the day Iâm at this point in my life where I TRULY DO NOT GIVE A FUCK ! So if I give a fuck about youâ¦ https://t.co/KOngVi6Kgd,potential suicide post
803,"Feel lucky to work with 2 shining young stars in #Healthcare, honored by @Forbes #30Under30 today ...â¦ https://t.co/dkqUolP2RV",not suicide post
804,"@dink9966 Losing those 2 guys is huge, but you gotta deal with it. Time to call up Weber for the PP &amp; Price to take some NyQuil #habs",not suicide post
805,i hate when i want to be self-pitying but my mind refuses to let me like damn I just wanna feel sorry for myself foâ¦ https://t.co/ekUgU72yA5,potential suicide post
806,love the way skype fades music back in when a call ends... i'm so easily impressed,not suicide post
807,RT @virendersehwag: Congratulations India on beating Pakistan 3-1 in #AsiaCup2017 #INDvPAK . Thank you for the advance diwali gift @TheHock,not suicide post
808,@nicharry Tell her Simon &quot;who used to be from Tuks FM&quot; says Hi,not suicide post
809,@Richelle27 damn it have to make it a proper website one day with the help of tiff,not suicide post
810,At least its not raining today,not suicide post
811,my morning started out so bad i just want to go home and sleep forever,potential suicide post
812,i think it was my lack of saying anything at all that was pretty stupid when i met harry. i was acting all cool andâ¦ https://t.co/lpdqwGeI8J,potential suicide post
813,Taking son to have his braces taken of Big day in teen age boy's life!,not suicide post
814,"@mattstevensloop thanks Matt, I'm glad you like it ... no algorithmic music gigs planned so far though",not suicide post
815,"so like if the man I end up spending the rest of my days with aint him, I feel like im going to hate my life.",potential suicide post
816,i hate my parents so much i want to kill myself to spite them especially my dad i almost do not want to have children because i do not want my dad to become a grandfather just like how he didnt want me to have a girlfriend or friends growing up i dont think i would even goto his funeral if he died i hate you from the bottom of my heart you only had me in order to chain down my mom you hated and ignored yelled at me since i was a little boy and now i hate you forever this hatred is killing me ,potential suicide post
817,"@rolyatoj just some teething problems, my new house &amp; I will be friends",not suicide post
818,"asahi, giant and scared: PLEASE donât eat my ass spirits",potential suicide post
819,i am so miserable i've never been this miserable in my life he is simply baby https://t.co/6pHayB9OhA,potential suicide post
820,@WilliamSledd Love the videos William New to twitter x,not suicide post
821,"@thesouthernstar ochie, kmaren nervous ya pas TU? Kliatan tau, pas aku dtg aku ngeliat ochie lg maen2in tisu sampe tisu'y lecek..",not suicide post
822,"cool, I've got more followers! people are interested.....",not suicide post
823,"RT @elonmusk: Congratulations @SpaceX team! Thanks @NASA, much appreciated. https://t.co/6aiWbh8F6V",not suicide post
824,Tired of merely existing. Want to get to living.,potential suicide post
825,i wanna kill myself im so fucking done,potential suicide post
826,@christinamendez: My list is short; so does that mean the my God is huge too? LoL,not suicide post
827,Haha flight of the conchords was so bloody hilarious last night 10/10 chur chur,not suicide post
828,@Ryankingry You or the picture?! Cus damn both be looking so good! ðð¤©,potential suicide post
829,"@Overspill Well, can you link me to it anyway???",not suicide post
830,if i tell a psychiatrist that i am suicidal will they immediately have me shipped away and handcuffed to a bed i always lie,potential suicide post
831,Fucking hell - Prada saved the day!!!,not suicide post
832,Where are the easter eggs,not suicide post
833,RT @poemsandthongs: the kinda bad bitch that's ready to die anyday now,potential suicide post
834,I am so sick and tired of being blamed for everything that I am actually waiting for the day I die.,potential suicide post
835,@rowanberry ohhh sending loads of Positive vibes your way,not suicide post
836,@BoomBoxBindery All I have to say about studio setup is that I'd die without my flat files. Designed my whole studio around them.,not suicide post
837,RT @ImHorny32503587: #HornyFact I'm so fucking tired of living I'm not smart I'm not athletic I'm not attractive I'm not talented I just haâ¦,potential suicide post
838,@jordandossett tell me about it! we're going to try that PureSleep mouth piece on TV - will let you know if/how it works,not suicide post
839,@R_Elisewrites Congratulations on all of your accomplishments! You are an amazing person inside and out! â¤ï¸ https://t.co/98Mt8DiI7d,not suicide post
840,"@tpgraham that's pretty cool, man. I'm not a fan, but lossless FTW! I'll check it out ...",not suicide post
841,Random thought #471729.I'm so glad I live in the time of GPS on my cell and navi in my car bc NOTHING confused me mâ¦ https://t.co/QwvphlC58Q,potential suicide post
842,@janakidasa1 @BeecheyPat @central_cap @LevequeThots It is sickening. What is sickening is we elect ppl like the libâ¦ https://t.co/v8PzGBUglY,potential suicide post
843,"@CollinB63,,Everyone says im better off but I dont want to be. I dont think that. It doesnt quite matter what I think anymore. So we out here.",potential suicide post
844,Landed in Belfast. It's wee this wee that,not suicide post
845,"@GreigWells Haha, they are a flamin distraction",not suicide post
846,@toodamnninja uhuhhhh. word fail. it's 'shipwreck in the sand'. obviously too early,not suicide post
847,Plans have changed for the better... out for a MTB ride in the sunshine now,not suicide post
848,i want to fucking die,potential suicide post
849,my uni is playing POTC outside and free hotX buns. i feel lovvvved,not suicide post
850,"@MmmBaileys Have a good day Jessie, and I'll tell you for why, it's your birthday!",not suicide post
851,@Vince_Craine Glad to see you've toned down your sell. Still like the software,not suicide post
852,"â¢and Iâm so sick of love songs, so tired of tears. Iâm so done with wishing, you were still here.",potential suicide post
853,"@malhere hope u have a good ride if the weather is decent, if only the weather was like that where I live",not suicide post
854,"Second, some people will still want their food grown the old-fashioned way, just like how I buy heritage meats and heirloom seeds.",not suicide post
855,@effyobie STOP SPEAKING IN SUCH A SOPHISTICATED WAY PLEASE. it's hard for me to keep up!!,not suicide post
856,"sitting in the sun, baking in 30 degrees - wonderful",not suicide post
857,@suitelifeofkell haha me too! it reminds me and my daddy of the monkee's old show same here can't wait! lol. WHATTT?,not suicide post
858,i cant stop fucking upi amselfish gutless disrespectful spiteful rude self righteous arrogant ignorantim forgetful unfelpful self centeredim stupid clutzy lazy depressed constantly exhausted i havent filled out any of my college applications because i didnt even plan on living this long i just want to die so i can stop disgracing my family and inconveniencing my mom i kind of want to be a ballistician they look at bullets from dead bodies to see what gun it came out of but honestly i am more likely to be the subject of one and i dont have any friends in or out of school why am i like this,potential suicide post
859,"Offense or Defense , passive or violent. I cut my wrist and my heartbeat is silent",potential suicide post
860,DCU SU elections today,not suicide post
861,im so tired of living. whats the point of me living if i keep whining,potential suicide post
862,i shouldnt want to kill myself i have so many advantages in life all of my immediate family is alive and still involved in my life i have several friends who i frequently talk to i make more than enough money to live on easily but every night i go home and drink hoping i will forget about how much i just want it all to end every single moment that i am sober i spend thinking that people might actually see me for who i really am a lazy waste of space who lucked into success and wheni amdrunk i worry that people will find out thati am trying to slowly kill myself with alcohol fuck i always thought if i could just be successful i would be happy well i am not,potential suicide post
863,totally craving chocolate and starbucks...only 4 days left,not suicide post
864,"@SpiritScribbler,,I dont think I want to be on Twitter anymore. I'm not adding to anyone's life here.",potential suicide post
865,RT @dccc: BREAKING: Democrats just FLIPPED #CA10 from #RedToBlue!!! Big congratulations to Congressman-elect @joshua_harder! #Midterms2018â¦,not suicide post
866,i am not sure if it s normal to consider suicide on a normal basis i m an engineer for a larger corporation and lately i ve been thinking what s the point at all ,potential suicide post
867,@EARom Voted for 'Entry #9 - ellisdabomb #4' - that was incredible...might have to play some FIFA now,not suicide post
868,me: i want to die and be dead,potential suicide post
869,@XirthTv The girl I was fucking with the one that made me not kill myself a night I was just done is out of being institutionalized,potential suicide post
870,i got 3 hours of sleep last night. double shot latte and i'm good,not suicide post
871,@turnitgrey oh gosh. I didn't think you were that old. oh well I'll still like you when your 25 hahaha.,not suicide post
872,i have to go now.... make up duty for tomorrow...... goodnight to all....,not suicide post
873,@Ingermaaike aww thank you,not suicide post
874,i have bipolar 2 disorder and i have become hyper aware of my mood swings they get bad enough where i can barely get out of bed talk to my friends or even work and during the manic episodes i dont sleep maybe 34 hours at night my mind races i make highly unrealistic goals and then get hit again with the crippling depression ,potential suicide post
875,"RT @petun1ia: I have nothing to live for dude, shits so sad.",potential suicide post
876,"@cmgangrel typical metro, can't even get that right.",not suicide post
877,is an awesome photographer,not suicide post
878,is excited for two more sleeps any she doesn't have to wear the stupid goggles to bed anymore.,not suicide post
879,I GET IT WOOOOOOOOOOOO,not suicide post
880,I just wanna goto that concert so damn bad but would hate myself if I spent $300 on that ticket right now,potential suicide post
881,@Mwmyn I would say philosophical,not suicide post
882,RT @llvv0i: I am not correcting anything I just live my life calmly and I have nothing to do with what is going on this miserable world,potential suicide post
883,"oh shit!! this could get out of hand and theres no dancing at my place!! no hoe down, no shindig! nada",not suicide post
884,@Boddingtons see ya Anastasia!! have a marvellous day,not suicide post
885,Need to fucking move out already tired of being told what to when to do it and most of all not having a fucking rooâ¦ https://t.co/5ViKK3uu20,potential suicide post
886,@beelarge I should have mine today then,not suicide post
887,I am so sick and tired of living. https://t.co/w8r1DtTjBi,potential suicide post
888,@rosskie so far it has been all shopping more again today heehee what u up to?,not suicide post
889,@priyank_acharya @JPNadda World has got the right path celebrating D 'Matri pitri pujan diwas' started by #Bapuji.,not suicide post
890,"cya all later crew, i got a bit of work to do",not suicide post
891,@mileycyrus you're up early.... or out late haha,not suicide post
892,gonna go to school. be back around 4,not suicide post
893,homework ALL day... 2 assignments due by 4:30 (but they're almost done!),not suicide post
894,so i have been in a suicide rehab center for the last month i am just over life it is not sadness or depression i just give up it would just be easier to be dead ,potential suicide post
895,"Congratulations, Jim! I'm a great editor, not a great media artist.",not suicide post
896,is now washed and dressed,not suicide post
897,"For the past week Iâll Iâve been thinking about is nothing. I want to disappear, why do I feel so trapped in the liâ¦ https://t.co/Xqh6rLAcms",potential suicide post
898,What did you want me to say?,not suicide post
899,"The one damn time I donât watch RAW, Becky and the Smackdown womenâs division attack the RAW womenâs division and Bâ¦ https://t.co/YSb2Eq2QAb",potential suicide post
900,Leaving House now gonna switch to texts,not suicide post
901,yumm jeremy kyle and a bacon sandwich,not suicide post
902,I'm not really feeling the whole 'going to class and being productive' thing today....hooky?!,not suicide post
903,RT @revolwoc: @sh_tbritttsays *que screamo voice* SO CUT MY WRIST AND BLACK MY EYES,potential suicide post
904,"RT @JeffFlake: Congratulations to @kyrstensinema on a race well run, and won. Itâs been a wonderful honor representing Arizona in the Senatâ¦",not suicide post
905,loves the weather and goes on a bike tour with her doggy now,not suicide post
906,goodnight i really want to fucking kill myself,potential suicide post
907,FUCK YOU I FUCKING HATE YOU,potential suicide post
908,Canât believe I lost my damn car keys smh mind you the damn house key is on there ð this is the 2nd time my drunk aâ¦ https://t.co/EaZ8urlp7o,potential suicide post
909,muttering i wanna die to myself daily for a few months now i feel worthless shes my soulmate i cant live in this horrible world without her i am so lonely i wish i could just turn off the part of my brain that feels ,potential suicide post
910,That skill takes time and iq. As a center he could run other bigs off the floor and force other teams to go small aâ¦ https://t.co/i0I3FKsgBt,potential suicide post
911,Do everything with a good heart and expect nothing in return and you will never be disappointed.,not suicide post
912,Make sure you email me to enter this month's giveaway - makeup from Pink Quartz Minerals!!,not suicide post
913,"anyway if you cant accept that ive MOVED ON FROM YOU SICKOS, go fuck yourself, ill just keep avoiding your sorry asses",potential suicide post
914,"@richardsedley I'm absolutely interested! I'll shoot you my info in a DM, or of course feel free to share it in a reply and I'll retweet.",not suicide post
915,"@MSNBC @NBCNews ""I accepted benefits from a hostile foreign government and conspired with Michael Cohen to violateâ¦ https://t.co/fxJEjOi74P",potential suicide post
916,@caitlinh38 Caution: It can be addictive,not suicide post
917,RT @Shen_the_Bird: doctor: i'm afraid he may never wake up from his coma,potential suicide post
918,GOD! CAN U HERME IM TIRED PLEASE KILL ME I WANT DIE,potential suicide post
919,@jethron5000 hahah yeah see i told you! coffee bean's chocolate ice blended is way better! let me know how's the show tonight,not suicide post
920,"w00t! Matt Elliot (Third Eye Foundation) playing GRV tonight Early gig (first act 8.15, curfew 10.30), if anyone fancies?",not suicide post
921,I keep fucking up what matters the most to me and I fucking hate myself so god damn much for being like that,potential suicide post
922,@chrisgarrett I'm up for it! can't wait to here more details,not suicide post
923,everything is okay but nothing feels okay i ve always been a bit unhappy as a kid too i think although i can t remember much of my childhood i dont want to kill myself but sometimes that thought just comes creeping and it scares me a little a few weeks ago a problem came up it was a financial problem quite fixable but i just couldn t handle it i tied myself a noose and everything i was gonna do it i was all alone in the house with my dog so there was really no one that would be able to stop me i didnt do anything but i felt like i could have done it completely on impulse over a fixable problem leaving behind everything i love and my hopeful future i feel it now too creeping up on me everything should be fine but i cant help the feeling that i should just do it like everything would be easier for everyone if they would just realize how little they need me ,potential suicide post
924,@wimcoekaerts Shouldn't that be life in the 'car pool lane' my friend ?,not suicide post
925,@gfrdtagon also again i hate making a comeback to rp bcs i caused many bad things that shudnt have happened:(:( bubâ¦ https://t.co/eqirspU9fo,potential suicide post
926,me as a future therapist: damn :/ it be like that sometimes,potential suicide post
927,@erickaaa haha awww. i had amazing pizza 2day for much after my photoshoot =D i will take u out hehe..u gonna answer ur fone 2night? xx,not suicide post
928,@jodonahue Yes it is!,not suicide post
929,@dareanderae I love you ððð,not suicide post
930,@petemc My Mrs is always telling me off for this - sit and enjoy the moment instead of trying to take photos of it!!!,not suicide post
931,"Wait I take this back, I fucking hate living in Markham and I want to actually kill myself damn",potential suicide post
932,@modejunkie awww sweetness! But he's still a cutie!,not suicide post
933,@mikeyway Cute,not suicide post
934,Life's so short man I couldnt stress enough how important it is for you to live your love with peace and good energy!,not suicide post
935,@Treenz22 @mynameislloyd @fritzanator Awesome time tonight. I knew you would check twitter before bed. Ha Ha,not suicide post
936,I like the sound of my new job title. Inventory manager.,not suicide post
937,RT @mercurymalek: i fucking BEG YOU just leave me here to die I DESERVE IT https://t.co/kFBttqboUe,potential suicide post
938,RT @palestinianho: patient: i hate myself and i want to die,potential suicide post
939,"@UnclaimedAna2 The worst part is I tire easily and I love napping. Fortunately I donât get tired until after work,â¦ https://t.co/EyDeIthBBG",potential suicide post
941,I think she was merely directing the comment at you because she thought you might want to know.,not suicide post
942,I do not want all this.,not suicide post
943,Sometimes youâll never know how bad you fucked up until one day you wake up with nothing,potential suicide post
944,RT @cparham65: Liberals say conservatives are evil. NOTHINGâs further from the truth! We believe in âlive &amp; let liveâ. Libs think that bigâ¦,potential suicide post
945,"@youractionlink,Utah,Want to take that perfect selfie? Hereâs what you should be looking for in your phone camera!",potential suicide post
946,"#FreeKaavan Another year has passed and I am still alone, sad and suffering. Will I ever live with dignity? Or willâ¦ https://t.co/bk4rdiwZSc",potential suicide post
947,"I just want to remind yâall that without Iris, Barry Allen would be dead right now. But sheâs useless right?â¦ https://t.co/vloroTurEZ",potential suicide post
948,"@RedMummy I feel better today, got some sleep and its not raining so can take the beasts out",not suicide post
949,@CITYPUBLICITY During revamp and shortly after. They're out of $ now &amp; in real trouble... but I'm going to be good &amp; not bag them publicy,not suicide post
950,i want to be a businessman.,not suicide post
951,AFTER EFFECTS HAS FROZEN AND I DID NOT I REPEAT I DID NOT SAVE MY EDIT I WANT TO ACTUALLY FUCKING DIE .... IT TOOKâ¦ https://t.co/yif8DABTQm,potential suicide post
952,Oh god sweet nicotine and tar i crave you both so bad today what is wrong with me lol hahaha XX,not suicide post
953,@callumfloyd Welcome to the jungle!,not suicide post
954,"@NFear,Chicago, IL,Life is hard. I never thought Iâd come onto social media to vent/talk about my feelings. But man my life sucks. I dont want attention but I know this tweet makes it look like I do. Iâm done streaming, YouTube, and just playing games all together. Just donât wanna be here anymore.",potential suicide post
955,i am a 20 year old transgirl who has been on hormones for about 4 months recently i suffered from a depressive episode due to gender dysphoria until about a couple weeks ago i just got a job and i was presenting myself as female and using a female name the only problem is that i still look somewhat masculine so i get stared at constantly and dismissed i cannot connect with any of my coworkers because i look and act strange to them i know i am supposed to wait on these hormones but i am really scared what if they dont work what if i ll get beaten up what if i lose my job due to just being me i want to be happy but its so hard its gotten to the point where all i do is just think about death and hope maybe i will get a do over i just cant take any of this anymore,potential suicide post
956,morning everyone.,not suicide post
957,"RT @hanniepower: Today, one year ago, I lost a neighbour, and friend, to #suicide. So here is a quote that got me through my worst times. Fâ¦",potential suicide post
958,@T_sos2 9 tails or not if he wanted to kill him heâd be dead. Itachi couldâve killed him but he didnât want to...idâ¦ https://t.co/ndYXd8jgBu,potential suicide post
959,RT @Gorb_FanClub: Congratulations to Gorb for graduating middle school. We all hope you strive for greatness like you do on cod4,not suicide post
960,I just had to google &quot;How to insert MicroSD into Blackberry Bold&quot; Found it though!,not suicide post
961,"Awake....hopin my big brother gots time 4 me 2day, just a lil bit atleast. Yay but Katelyn might come up to hang with me",not suicide post
962,RT @Bob41Dylan: Happy birthday to the legendary Neil Young! He turns 73 today! https://t.co/E5DRjzKM6i,not suicide post
963,"RT @darkles_sparkle: @GameOfThrones ""My name is Arya Stark. I want you to know that. The last thing youâre ever going to see is a Stark smiâ¦",potential suicide post
964,"@marijamilovanov oh, hell yeah... but, that list should be made very passionately... oops, I ment patiently",not suicide post
965,@ImWendy lol - yeah they can be loud so depends where your dryer is but they do get rid of the static - very sneaky bout the dog lolx,not suicide post
966,somebody just fucking kill me please,potential suicide post
967,@FuckenJew Too shy for that. Plus he already stole my brain in my sleep.,not suicide post
968,@Linc4Justice nah- you're not unfortunate- i dont eat that stuff cause i want to live a few years longer- you're one of the smart ones,not suicide post
969,@mileycyrus yess I do ! and im in boston for a college fair and not school hahaa,not suicide post
970,@mikebairos we don't have tix just going to attend festivities,not suicide post
971,happy birthdaaaaayyy bebe @noveloraineee ðgodbless youuu,not suicide post
972,@darkmagique O Yes i aM For Sure! Am sooo happy that he checked it out AgaiN... What TiMe ?..Onish? Jaaaaaah ! Lolm !,not suicide post
974,I literally hate myself for reading this damn book,potential suicide post
975,@FortniteGame Better be adding bouncers back then. No way yâall are dumb enough to add this big a game change thenâ¦ https://t.co/2GGc72XP5a,potential suicide post
976,RT @VRachal33: I swear to move forward or get ahead in life,not suicide post
977,@intelligensia And a following four day week,not suicide post
978,@JosephSadowitz @trs63 @forensicpathmd @drjudymelinek @NRA I donât want your guns. Seriously. Iâm not sure who doesâ¦ https://t.co/1JZiyqovSd,potential suicide post
979,"@sallyinnorfolk awww, you'll have to use Twitter for company",not suicide post
980,@espiral08 we're coming back on sunday or monday!,not suicide post
981,i just realized that in a month i can celebrate my birthday with watching the Wolverine movie then wwe Raw nice timing,not suicide post
982,in the process of making doll no. 2 and it's looking heaps better and cuter,not suicide post
983,"@laurenbullo_k,Manchester, England,RT @jaemverse: i just dont want to be here anymore",potential suicide post
984,i cant wait to get this damn nose job so i can take new selfies 'cause i hate every single picture of myself includâ¦ https://t.co/86DCY27jXT,potential suicide post
985,"@KayKay89 www.youtube.com/Titomi15..WATCH THE VIDEOS,COMMENT&amp;SUSCRIBE!! &amp; FOLLOW me , Cheers x",not suicide post
986,@thirdsectorlab Greetings.,not suicide post
987,@7anno he is a son of one of my friends,not suicide post
988,f&amp;@k the weather!! I'm in Paris! Let's go have a beautiful day,not suicide post
989,Iâm such a. Disgusting disappointment Iâve gotten visibly fatter my cheeks are puffy and my stomach has actually deâ¦ https://t.co/pzeLi6sSIH,potential suicide post
990,RT @RICHSOLEEK: Iâm happy I ainât the same person I was last year.,not suicide post
991,almost broke down at class just because the most negative thoughts are kicking in and I'm mf tired of living hahahahahahahah,potential suicide post
992,i keep repeating to myself kill yourself kill yourself do it already i am ready to listen to my inner thoughts i have attempted in the past but at the last moment either i live through it just in a hellblaze of pain becoming a even bigger failure or my body stops me my mind screams to do it but sometimes my body just stops me sometimes my body will give up on life and i ll lay there wanting to shed a tear yet i know no one will care so i lay quietly in the darkness for days on end i try to drown out the voices with all i have left music but recently i dont care to listen to all i have to do what has stuck with me for all my life i am ready to listen to the voices i m ready to listen to my inner shouts if only i had easier access to guns my life would be so much harder but i dont instead i have to go out in either a more painfull way i hope others continue to have the will to carry on but sadly i think i lost mine ,potential suicide post
993,@paulhuse ouch,not suicide post
994,gonna go cut up some chickeeeen,not suicide post
995,@tarik653 I didn't want to think about it.,not suicide post
996,"@Jane_rodriguezz,Cotulla, TX  //  Lacoste, TX,RT @jaemverse: i just dont want to be here anymore",potential suicide post
998,JUST FUCKIN KILL ME,potential suicide post
999,@Bhavika looks like u found all the beer,not suicide post
1000,i just want to have a friend or a group of friends that dont leave me out,potential suicide post
1001,@jyl_MomIF LoL today any woman who can handle 7 kids inspires me #inspire,not suicide post
1002,#smallbizz #entrepreneur #entrepreneurlifestyle https://t.co/dEHV7DED58,potential suicide post
1003,"RT @milatorres170: I never had to do the most , throw shade or hate. I can be quiet and bitches still want me dead. Thatâs pure Hate and Iâ¦",potential suicide post
1004,"RT @Sal929: @WyattEarpLA Iâm actually tired of this!!! Itâs like living in a home where the troubled, deceitful child always wins! Itâs notâ¦",potential suicide post
1005,Good morning! The sun is shining and I am going to the beach with a few bff's. See later when I am all tan.,not suicide post
1006,RT @palestinianho: patient: i hate myself and i want to die,potential suicide post
1007,But God does not only want us to be HAPPY; He wants us to be good.,not suicide post
1009,"yo i seriously need to stop being so damn clingy to people,,like i'm so bloody annoying i hate myself",potential suicide post
1010,@tonytay113 hi thanks for the follow! did you finish fob trail?,not suicide post
1011,I donât want them to come for my account. Literally the only thing keeping me through the miserable existence thatâ¦ https://t.co/XJF6MP8fJ7,potential suicide post
1012,RT @juicymarilee: i am such a loving and caring person,not suicide post
1014,"@nminers Wherever the day takes us! On route to Youlgreave at mo, sun is waking up!",not suicide post
1015,my sleep was disturbed. i am looking to end a career today,not suicide post
1016,"@joshuawhite well, you do spend enough time there that you may as well subsidize your habit.",not suicide post
1018,Tired of living day by day like everythingâs alright,potential suicide post
1019,I just want to protect you...,not suicide post
1020,We had a visit from our lovely zone head today .... nice,not suicide post
1021,We were tired from the concert so we ate noodles instead. After weâd eaten Emily saw photos that the restaurant hasâ¦ https://t.co/uqI5KXdJD6,potential suicide post
1022,RT @HanaMichels: I just found a suicide note (I'm fine) I wrote in April. Seems like my dates were wrong! This year. NBC commentators keepâ¦,potential suicide post
1023,@MrsZee Go you,not suicide post
1024,"Fast &amp; Furious: New Model, Original Parts a really good film",not suicide post
1025,Ecstatic that Wal-Mart now carries Sambazon!!!,not suicide post
1026,i was assigned to sit next to the most awesome student in my class (Y) hahaha,not suicide post
1027,"RT @AUTHORSWEEK: Congratulations Seye @seyeoke for being the latest @Author of the Week @AUTHORSWEEK. Keep on creating, keep on writing andâ¦",not suicide post
1028,#Success consists of going from failure to failure without loss of enthusiasm. Winston Churchill #quote #persistence,not suicide post
1029,"@joyreaper @WolfensPride @BreitbartNews No doubt the Obamaâ fostered hate, division, chaos and anarchy! They are thâ¦ https://t.co/x5ch7odIZ9",potential suicide post
1030,"@SuccessorLuke,,I donât wanna be here anymore. My parents pressure me too much about getting a job like I am soliciting and such and yet they complain. I dont feel comfortable living in my own house anymore. All I want is just leave here for good and go to another country",potential suicide post
1031,"@kingxhesh,,just fucking kill me already i dont want to be here anymore",potential suicide post
1032,"said he has a job but has time for this shit, cant wait to see him next time i go on a maccas run!",potential suicide post
1033,Thinking of a hamsty bank account. That's a good idea to save. (^.^),not suicide post
1034,"@saulashby I really like the photo. Nice interview, too",not suicide post
1035,i ll be dead just you wait and see my last words before my death for whoever is interestedi am sorry but youre better off without me youll learn to live without me it wont be difficult now i shall die ,potential suicide post
1036,But I know you want to hear about my examinations.,not suicide post
1037,feeling numb hate my job i hate waking up everyday i feel nothing feel like i am on autopilot i got dumped 3 months ago almost from a 4 year relationship nothing cheers me up anymore my parents are in another state so i just can t go see them whenever i want i don t know if i could actually end it myself but i do dream of other ways like a car hitting me and killing me instantly i sometimes think of just taking a bunch of pills and letting that be it ,potential suicide post
1038,Got a &quot;thing&quot; for doctor chics.,not suicide post
1039,"@caringcorbyn,im not okay lol ,i literally cant explain everything so much has happened i dont wanna be here anymore. wtf is even the point. i literally cant i want everything to be over. i cant breathe right because of how much im crying i cant do this anymore.",potential suicide post
1040,@jessedonoe I mean.... my life is miserable so I guess light at the end of the tunnel,potential suicide post
1041,@yahoops thanks David,not suicide post
1042,he didn't want her to go out with other man,not suicide post
1043,Cut my wrist and black my eeeeeyes,potential suicide post
1044,Happieee birthday to our anni #AarthiSivaKarthikeyan ðð,not suicide post
1045,Hate the fact that Iâm damn near forced to figure everything out by myself but it must be done,potential suicide post
1046,"mmm OJ, scrambled eggs w/ cheese and toast GILMOREGIRLS TOO! ahhh. this day is amazing.. now if i could only get the dryer to work.",not suicide post
1047,@gypsytrading,not suicide post
1048,"@im2byteme I'm all for the Fair Tax, or Bush's deficit back. Something!",not suicide post
1049,"@KellyNg With mainstream media's reporting &amp; the increasing occurrence of the fail whale, you know eventually your friends will catch on",not suicide post
1052,MEGA MONSTER MUNCH,not suicide post
1053,I can just imagine how much of that Howard would want to know.,not suicide post
1054,God damn vending machines are so depressing -standing at them waiting for your sad little snack like some Pavlovian bitch! Happy Tuesday!,not suicide post
1055,i don't want to be here anymore,potential suicide post
1056,"Noticed something interesting about this emoticon: vs D: Totally different emotions, only difference is the placement of the eyes...",not suicide post
1057,May you live every day of your life: Jonathan Swift,not suicide post
1058,"@derekmusial,,@landonb94 @KidsSeeGhoats ok hold on, how can these numbers not be correct anymore if the video is two weeks old...? strength of schedule and record dont change too much in two weeks. and if yall dont care about top 4 why are you here? won your division, overranked to begin with, what else you want?",potential suicide post
1059,RT @mpparimal: Remembering the legendary former #PresidentOfIndia Sh #APJAbdulKalam on his auspicious birthday,not suicide post
1060,"i'm tired of everything, pls so i want to die.",potential suicide post
1061,"@hortovanyi The road's not the widest and smoothest, but there's some great clear views on the way up if you turn your head to the right",not suicide post
1062,"Now scribes can't wear their shoes to any Press Conference, thanks to Jarnail Singh...",not suicide post
1063,just chillin =P i mean holidays.. nothing to do.. silence.. only me.. *haha* finally my relaxing time.. with a book typical for me!! &lt;3,not suicide post
1064,Watching This Morning and deciding what to do with myself today. Think I'll keep searching for that elusive job!,not suicide post
1065,RT @NiallOfficial: 2 wins in 2 weeks . Congratulations @TyrrellHatton ! Machine,not suicide post
1066,@Target I am loving you a.n.d line at the moment! And my bank balance is liking it too! Great style made affordable #style #shopping,not suicide post
1067,@DonnieWahlberg Lucky for me I'm going to see that show in NY I hope that you will bring it to Europe too in the fall. I'll be there too,not suicide post
1068,"im so tired today. i want to lay in a bed full of boys and just have hugs sounds so good, probably look even better.",not suicide post
1069,"i have such a nasty habit of comparing myself to other girls, damn, i hate myself :-(",potential suicide post
1070,yea Iâm tired of living by myself ð­,potential suicide post
1072,@philthatremains totally jst started blasting ATR at 10am dude. My mom is gonna kill me. BUT WHO CARES!,not suicide post
1073,"@SkylerTinney00,Graham, TX,RT @lilbluezcluez: i dont want to be here anymore",potential suicide post
1074,Tim Fischer was on to talk about his love for his family and hisâ¦,not suicide post
1075,All I want rn is to get home and take a fucking shower and die,potential suicide post
1076,"@Kaschua no!, just didn't know if you thought putting stuff on your cat was phobe instead of phile. Glad kittys like the dome.",not suicide post
1077,RT @TheOceaneOpz: I deadass hate my damn PSN name. I wish I named myself Powerpuff234 .. There is at least one person in every 2-3 games thâ¦,potential suicide post
1078,hello new follwers,not suicide post
1079,"Oops again, its t w i t t e r....",not suicide post
1080,"Man I want Sancho to succeed here so badly. He’s a superstar, just needs to believe it again",not suicide post
1082,@Thehodge that is pretty awesome! it makes me want a smart car now! (and a cup of tea),not suicide post
1083,"RT @TigrisSafaris: The Indian Roller, a bird considered auspicious in India. #IncredibleIndia #TigrisSafaris #photooftheday #wildlifephoto",not suicide post
1084,@margb1509 It's the same here in New Zealand too. Looking forward to them starting again already! Have a great night!,not suicide post
1085,YOU MAKE ME FUCKING CRY EVERY NIGHT AND YOU DONT EVEN KNOW IT,potential suicide post
1086,"late night gaming with the guys. fun times. [yesterday was a giddy day, too] &lt;3",not suicide post
1088,#cloudforce is the top trend. I am surprised. But I couldn't have loved it more!,not suicide post
1089,Our plans are coming together nicely! I am very happy indeed today,not suicide post
1090,"is laughing , i cant believe flea attacks dougie xx",not suicide post
1091,some people tweets a lot.ThatÃ¯Â¿Â½s cool...I guess,not suicide post
1092,@starrymilkteaa WOW I AM ADDING THAY TO MY LIST OF SHIT TO LISTEN TO WHEN I WANT TO DIE,potential suicide post
1093,"@therealRC12,,Honestly I dont want to be here anymore....",potential suicide post
1094,my unofficial diagnosis is bipolar schizoaffective disorder it was a nightmare with so much trial and error with all sorts of therapies my medication a cocktail of about 20 pills a day has gotten me to a point where i can function day to day i dont know how i feel right now all i know though is i want it to stop ,potential suicide post
1095,"When I die, I want to have a closed casket service at my memorial. Then I want them to play âPop Goes The Weaselâ aâ¦ https://t.co/C4bKrK029g",potential suicide post
1096,Celebrating a minor banking triumph (that's banking with a b). Got one to admit it was wrong,not suicide post
1097,maybe i hate myself,potential suicide post
1098,Iâm tired of living the regular life ð¤£,potential suicide post
1099,RT @Yaanayanaa: Iâm tired of living like thisð,potential suicide post
1100,@thefreerpgblog Glad you enjoyed it!,not suicide post
1101,"To no one: I'm not fucking okay, stop asking me if I am. Stop asking me what's wrong. If I knew then I'd fucking saâ¦ https://t.co/iIXwUtp35x",potential suicide post
1102,"@mikedignammusic hey, your stuff's quite good can you get it on itunes?",not suicide post
1103,"If you want to win, first you need to understand the game that you’re playing.",not suicide post
1105,@willconley777 Thanks for helping share the PostRank love.,not suicide post
1106,"interesting to note how twitter is like branding..the more you tweet, the more people follow - thanks for the follow Alister, Mark, Greg",not suicide post
1107,#spbpuk we've got a snorer in the IT Pro track! Really it's quite interesting,not suicide post
1109,@ravogd my weird dreams are a part of my life now and make me who i am xxxxxxxxx,not suicide post
1110,tired of living this lonely life,potential suicide post
1111,@helicon: that is opt-in DM invites!,not suicide post
1112,"He:I knew that even if I reached my dream, it could not be everything. I love you. I was sick that we could get tirâ¦ https://t.co/Vg9o3u1JZh",potential suicide post
1113,"Good morning, everyone! I hope you have a great start to the day! *raises cup of coffee*",not suicide post
1114,@LukesMummy He was a very good boy. He looks even cuter now. If such a thing were possible.,not suicide post
1115,i want to kill him,not suicide post
1116,Appreciate and be grateful for every given moment and live your life with love + joy #EnjoyLife #EnjoyFriends https://t.co/1Qwj7Jtq8N,not suicide post
1117,"i'm fucking tired of people's tweet today omg stop treating romance like it revolves around everything, you won't dâ¦ https://t.co/nNvLE2ehr5",potential suicide post
1118,@micheal25 Have a great day back at ya,not suicide post
1119,@R1B Too bad. Make it a good show,not suicide post
1120,The jobs front doesnt look so bleak today !!,not suicide post
1121,My work schedule for next week makes me want to DIE Iâm not ready,potential suicide post
1122,@JamesRandom ye!! But I still rather imagine my dad is some american superstar than just a bum ^^ it keeps me happy,not suicide post
1123,RT @goghsreddevils: @bosco_dumpling @CoachLanter @Cam3ronmb @Gtownfootball1 Congratulations to Coach Lanter for winning his first career gaâ¦,not suicide post
1124,"RT @shxxyellowbin: Oh my heart hurts so good. I love you babe, so bad. @ikon_shxxbi https://t.co/aH5aObf60j",not suicide post
1125,"@lilbluezcluez,crawling out of hell,i dont want to be here anymore",potential suicide post
1126,sbux is exclusively playing rostam and beck i am loving it,not suicide post
1127,Off work. Resisting the urge to go home and just fucking sleep forever tbh.,potential suicide post
1128,@alexakesson follow @hedge_funds,not suicide post
1129,"@julienviet the fluider an interface, the better, regardless of the purpose",not suicide post
1130,@beijingboyce Who is @Maotai? I like Maotai spirit very much!,not suicide post
1131,IM REALLY ABOUT TO KMS CAUSE THIS DAMN TEST OMG I HATE MYSELF FOR NOT REMEMBERING ITS TODAY,potential suicide post
1132,@stbalkcom do u know ur joe is on here now?,not suicide post
1133,now time for mouse to mouse pad for a long long night ahead! this is how you know you love it!,not suicide post
1134,"@meedee64 Coooeee, How's your day been",not suicide post
1135,"I don't care how frightening it will be, I want to go ahead.",not suicide post
1136,@shotdown i like the picture,not suicide post
1137,i just rlly cant wait for all old white ppl to fuckijg die out !!!! im so tired of gen x &amp; y and baby boomers literâ¦ https://t.co/ucZdBw2WHv,potential suicide post
1138,"Home. Had uni today, got results back :HD, YEHHH! Its been 3 yrs, why am i always thinking of the wat ifs?",not suicide post
1139,can i move out already im tired of living with this old hag,potential suicide post
1140,"okay but lets be real, why am I really still here ? Iâm nothing but an annoying ass, useless, talentless person canâ¦ https://t.co/znSHgBu1JZ",potential suicide post
1141,"Work two jobs, in school, gotta car, my own apartment, a boo , life's going good for me right now and I'm only 19",not suicide post
1143,"@Oomongoomong,,This is for u, the person who feels like they have no one, the person who doesnt see why they should be here anymore",potential suicide post
1144,all influencers want to be comedians and all comedians want to be dead.,potential suicide post
1145,RT @WeLoveDara: [CAP] Joross Gamboa greets her a happy birthday in her IG Live! ð https://t.co/sHwHEJb0vr,not suicide post
1146,Showcase Quick @ VIP room on Thursday,not suicide post
1147,"@Silverlines will keep that in mind, thank you for the tips!",not suicide post
1148,because of you-Reba Mcentire &amp; Kelly Clarkson,not suicide post
1149,RT @AdrianXpression: Homophobic parents spew their bigotry and be wondering why they end up with dead ass kids. Keep acting stupid if yâallâ¦,potential suicide post
1150,Casual Tuesday again for train bf...he sat next to me today!! This has to mean I'm going to have a good day,not suicide post
1151,@djroxc Welcome to Twitter!!,not suicide post
1152,@louisepb You've come to the right place. I own an office interiors company! How big would you like your desk?,not suicide post
1153,"I work hard Ê°áµ Ê·áµÊ³áµË¢ Ê°áµÊ³áµ every day of my life I work 'til I ache in my bones, at the end á´¬áµ áµá´´á´± á´±á´ºá´° á´¼á¶  áµá´´á´± á´°á´¬á´¬á´¬á´¬á´¬á´¬â¦ https://t.co/T8btgG2HTl",potential suicide post
1154,Going to the toilet cause I have to take a leak for over an hour now.,not suicide post
1155,RT @babycarebot: It's okay to be proud of your progress even if you're not exactly where you want to be. You're getting there,not suicide post
1156,So cut my wrist and black my eyes,potential suicide post
1157,"RT @missmabh: I'm in desperate need of a kidney transplant &amp; need a matching live donor, I'm actually at the end of the road now so need onâ¦",potential suicide post
1158,RT @BijinChihiro: 11æ11æ¥ ð¹#BLACKCOVE ðð¬#Family of 80 #dolphins decimated-7 died from stress-48 captured #freedom forever lost-Defenseless #â¦,potential suicide post
1159,Millwall v Blackburn travel purchased for live on Sky sports selection. Cant wait to go to the game with value!,potential suicide post
1160,"RT @yoonkittys: Happy birthday to my ride or die. I hope you have the best 21st birthday ever I love you so much! Hope you love this, it waâ¦",not suicide post
1161,"Morning, Just watching 90210 from last night. Waiting for a text from my friend!",not suicide post
1162,@gimmethefife No one should ever be driven to the point of suicide... especially not by those you have done nothing but cared for..,not suicide post
1163,"sooo cool thanks so much, our stuff just shipped so I should have soon. your the best",not suicide post
1164,me: âoh my god i want to fuckin die i hate myself im so lonelyâ,potential suicide post
1165,"Oh yeah i forgot... what colour dress should i get for the ball?? The theme is &quot;Las Vegas&quot; , please reply",not suicide post
1166,@coy0te Good morning! Feeling happier today?,not suicide post
1167,"@Renee3 would I strive for anything but perfection? Come on, I thought you knew me better than that.",not suicide post
1168,I fucking get it that Iâm almost done with the semester but I feel like itâs too much shit I have to do. I feel likâ¦ https://t.co/rmKzCdSSNI,potential suicide post
1169,If you want us to believe you want to be an American it would make sense to learn English in less than 20 years. Otâ¦ https://t.co/mamOa6vKqz,potential suicide post
1170,@Leela89 was that reply to me or yourself? XD I wouldn't say you make many mistakes,not suicide post
1171,i basically just feel like a prisoner in my own life i just feel like i dont have any strenghth left to get up go outside on a regular basis or finding anything that makes me happy i am just totaly dead inside and fake to be happy,potential suicide post
1172,And you can tell me that you're sorry but I don't believe you baby like I did before... You're not sorry',not suicide post
1173,AFTER EFFECTS HAS FROZEN AND I DID NOT I REPEAT I DID NOT SAVE MY EDIT I WANT TO ACTUALLY FUCKING DIE .... IT TOOKâ¦ https://t.co/yif8DABTQm,potential suicide post
1174,@Da_Funk welcome bro!,not suicide post
1175,"@TomFelton Oh, we have &quot;Antiques Roadshow.&quot; It is strangely addictive. It's kind of funny when people find out their junk is worthless",not suicide post
1176,@iwoosh i think ive run out of jack bauer jokes or Paul O'Connell ones too,not suicide post
1178,When will !pidgin integrate otr-encryption as a standard component like !adium does? I will really appreciate that!,not suicide post
1179,Disneyland was great! ... Got to go and pick up the kitties in a minute ... ?,not suicide post
1180,@xroldx narrated by Dave Smalley.....my hero....this cannot go wrong,not suicide post
1181,the only thing keeping me alive is gone i guess i could as well kill myself now,potential suicide post
1182,"@MovinThatGearUp,Badlands/Smash Manor,@UltimxteCreator i guess",potential suicide post
1183,"My idea of hell would be if there were a heaven, i mean i really want to be dead one time..",potential suicide post
1184,@mark_uk_ne We know we don't have a Queen.,not suicide post
1185,aj really not wwe champ anymore... I want to die,potential suicide post
1186,RT @amyadamsnose: please somebody come fucking kill me im so in LOVE!!!!! https://t.co/e13ilxL9XJ,potential suicide post
1187,"@beelarge ohhhhh um I hope mine comes sooooooooooooooooooon! Does it look goog, give it ere lemme hav a look!",not suicide post
1188,whoever replied i cant see it but just kno i said what i said and go see aquaman directed by james wan on dec 21 https://t.co/G1lMtPk12l,potential suicide post
1189,"@Corning_Futures yo, I live in Jacksonville lets do lunch",not suicide post
1190,@sophistifunk aye,not suicide post
1191,My grandpas wrist is bleeding really bad he cut it on accident ð©,potential suicide post
1192,"@jasongaunt Yeah, lots of potential. I think they've been working on their own iPhone app for months now How are you mate? Been a while!",not suicide post
1193,RT @BigDaddyJ_WWR: Congratulations on your #WWE Championship win #DanielBryan and the heel turn but youâre going to need more than luck forâ¦,not suicide post
1194,@hodakotb celebrate my bday on klg's anniversary bday shout out! can't wait to watch!,not suicide post
1195,my is school comtuper chat makeing,not suicide post
1196,its crazy cause i shut myself out on two ppl i been down w. soo long ð¯ and ik i love them to death and i would probâ¦,potential suicide post
1197,Damn I forgot that Spyro has a midnight release and I literally drove past GameStop I hate myself,potential suicide post
1198,New Hip album today. Mine arrives in vinyl next week,not suicide post
1199,I'm sitting in Burger King with my whopper on the table in front of me,not suicide post
1200,@DarynKagan good afternoon from my part of world - Abu Dhabi (+4.00 GMT),not suicide post
1201,I deadass hate my damn PSN name. I wish I named myself Powerpuff234 .. There is at least one person in every 2-3 gaâ¦ https://t.co/hKPPloS2WZ,potential suicide post
1202,@Lerae143 you didn't get the memo because when I told you .. You were most likely INTOXICATED. Not my problem.. But you're welcome,not suicide post
1203,"@holyschmoke fingers are firmly crossed for you, any advice, give me a shout",not suicide post
1204,I donât want to go back to school rn. I donât want to drive there. I donât want to do this stupid project. I just wâ¦ https://t.co/7TpsU7S7QH,potential suicide post
1205,"@LoliThicc,Northen ireland,Im sorry if i really want my life to end im sorry i drank for week straight i am sorry but its hard to say its gonna be fine when my life has never been fine atall im sorry i just dont want to be here anymore...",potential suicide post
1206,@alancostello Thats on GH3! Send it later?? since you completley missed Fridays lyrics ;),not suicide post
1207,thinks she found a good group to help her refocus,not suicide post
1208,Had a good start today!,not suicide post
1209,Just got out of the film. Had some giggles I &lt;3 Colbert!,not suicide post
1210,"@marcammann yah, hope so btw. if you want to, we could do dinner this thursday",not suicide post
1211,#twinelis = wine + food + nice people having fun Today at 7pm at DeliDelux,not suicide post
1212,@SonjaNorwood I see you are a fast learner LOL You went to no messages to a few pages full in just one night! Go head Ms Sonya!,not suicide post
1213,"styling hunting today in Brick Lane and West End later on today, and I need to get a Canon 50mm f/1.8 lens at Jacobs",not suicide post
1214,@GIFTUSEEME ::::thAs goOd...i ThInk i MigHt Go HaVe fuN too,not suicide post
1215,I tried to be good and not buy food but i dead ass want chipotleâs chicken and rice rn,potential suicide post
1216,@acummings Watching my figured this AM so no Maple frosted today. Just the delicious DD coffee!,not suicide post
1217,I will have a stan chart card not because i want it but because its the only way for me to access money that i have earned,not suicide post
1218,generic shit whats the fucking point of life if you are literally incapable of achieving happiness like fuck dude i am drunk and i feel even shittier than sober i give myself one week and if i still feel like complete fucking shit like i have been for the past few years thats it i m done,potential suicide post
1219,@nikki_knebs Congrats. Hopefully we will be seeing you in the fall.,not suicide post
1220,â¡sigh i hate this i hardly get time to myself and have fun anymore with me have to go to sleep early and waking upâ¦ https://t.co/uSJJTGfjeR,potential suicide post
1221,@katahay i adore your music. you are extremely talented,not suicide post
1222,@nickmon1112 Can this please be over with? I'm tired of everything from @discordapp to my coffee maker have a popupâ¦ https://t.co/mlXvJZIeLj,potential suicide post
1223,Paxton fans keep up the good work ! This young lady is really talented,not suicide post
1224,Damn my FBI agent must hate me. I saw this as soon as i asked myself âwhy are you always tired?â.. https://t.co/vTORJSqCx3,potential suicide post
1225,"is kicking back with a beer and watching, of all things, a tacky chick flick...eh....we gotta do it now and then",not suicide post
1226,"The rapper LÃ¡zaro Leonado Rodriguez Betancul, best known for Viva Cuba free or pupito. This detainee in the area ofâ¦ https://t.co/oeWHow0l5a",not suicide post
1227,"@justinhayward pardon was just a little ad IÃ¯Â¿Â½m currently testing twitter a bit, didnÃ¯Â¿Â½t want to confuse anyone!",not suicide post
1228,@JayGee101 Glad to hear it! Im ok thanx,not suicide post
1229,I hate myself so much,potential suicide post
1230,"@MaranePlaza: Glad you enjoyed your first day, frend",not suicide post
1231,He is tired.,not suicide post
1232,"Good Morning! With apologies to my MState friends, all I have to say is Woohoo! Tar Nation! Better luck next year, boys!",not suicide post
1233,@thepatr1ck How did the interviewing go today? Did she get your seal of approval?,not suicide post
1234,@redrobinrockn yes...but today daddy has them! i'm out for the day to work,not suicide post
1235,@bob_saget Hey Remember me! I watched your car so you wouldnt get a ticket after Minskeys. You're still fabulous.,not suicide post
1236,"@tommcfly do you like spongebob? &amp; only like 17 days until mcfly edinburgh, then the next day glasgow then the next day newcastle, yaldy",not suicide post
1237,might go out and see marble today,not suicide post
1238,at this point i dont even mind the pain i just want out of life,potential suicide post
1239,"@arabsodmg www.youtube.com/Titomi15..WATCH THE VIDEOS,COMMENT&amp;SUSCRIBE!! &amp; FOLLOW me , Cheers x",not suicide post
1240,"i want to wake up, watch the sunrise and sun set, then go to sleep everyday forever.",potential suicide post
1241,"@niinabaniina,Texasâï¸ Arizona ,RT @caringcorbyn: i literally cant explain everything so much has happened i dont wanna be here anymore. wtf is even the point. i literallyâ¦",potential suicide post
1242,@WarcraftDevs  can u do something about demo holy fucking SHIT its been months without ANYTHING done do u not realiâ¦ https://t.co/g4m6reGxUg,potential suicide post
1243,@acummings We have the location updated on the Dakno blog. Always looking out for the REBC peeps! #REBCPHL,not suicide post
1244,school is the worst i get so nervous and worked up about it that i throw up or pass out i will force myself to pass out by hyperventilating just to get a break from it all i dont know what to do and i am starting to get suicidal thoughts my mom only shames me for procrastinating too much or poor me shit please help,potential suicide post
1245,"Well, do you want me to come back home?",not suicide post
1246,"@kellyhopper372,Florida, USA,https://t.co/5tsIoklInt. ""Waiting for the End"" Please Chester let me come with you up in heaven! I dont want to fight this anymore. Nobody cares here so why bother",potential suicide post
1247,"@raina Oh, I can understand why you would want to deceive people, I just don't understand how you can involve your family in such a thing &ndash; especially Tammy!",not suicide post
1248,"Busy times at Elstree Studios. New arrivals include, Murderland, Secret Diary of a call girl - Re-uniting the Rubins - Huge - Sainsburys",not suicide post
1249,@tommcfly i wouldnÃ¯Â¿Â½t say &quot;the best books ever written&quot; but they are quite close though i was a bit disappointed about the 7th,not suicide post
1250,I hope God takes me soon. I legit am tired of living and really just wanna die. I feel like crying for everything lâ¦ https://t.co/hmnfAKgolY,potential suicide post
1251,@escribitionist i didn't want to eat other's foodd!!! dun make me sound so bad lah! i just have another crave for food...that's all,not suicide post
1252,@RLN49 Too funny!,not suicide post
1253,"@JCred yeah, I thought HOllywood was teaching us to be GREEN, and now the top movie is about really really powerful CARS? going FAST?",not suicide post
1254,RT @PrincessSGB: I'm pleased to announce that I will be releasing a limited amount of my 'Why U Mad?' Merch this Friday! #WhyUMad,not suicide post
1255,thanks for the welcome Mark!!,not suicide post
1256,I really hate myself this much to wait in this long ass line damn,potential suicide post
1257,@tommcfly did you go to the gerhard richter exhibition? i love it there,not suicide post
1258,horror scope: &quot;doing boring desk work will take constant mental readjustment now&quot;. and that's different from every other day how?!,not suicide post
1259,RT @MuffetMcGraw: Congratulations to Vivian stringer on your 1000th win tonight.   An amazing accomplishment for an amazing woman.  You staâ¦,not suicide post
1260,He is not tired.,not suicide post
1261,"@joniconix Ah, you refer to the tabloid not letters. I see. In that case I must add an additional rephrasing. &quot;I don't.&quot;",not suicide post
1262,"RT @hankrsmith: Breaking off a serious relationship and saying, âI still want to be close friendsâ is like saying, âThe dog is dead, but Iâ¦",potential suicide post
1263,@JessicaHamby I LAUGHED SO HARD at that statement. SO hard. I needed that thank you.,not suicide post
1264,my wife: on his will it says he's left all his updog to you,potential suicide post
1266,RT @narendramodi: Delighted to join the Centenary Celebrations of Patna University. Sharing my speech during the programme today.,not suicide post
1267,@robcthegeek You forgot Dependency injection/IoC containers on your tech todo list,not suicide post
1268,@itsmeAJyo You think I like the feeling of walking past a homeless person knowing I'm gonna give them money I wishâ¦ https://t.co/9ybTrA6RRK,potential suicide post
1269,I am so TIRED of EVERYTHING I just want to DIE,potential suicide post
1270,"Yes go keep on bringing me down, I swear Iâll deactivate my social medias and never come back because yeah you guysâ¦ https://t.co/x8YkSCbymZ",potential suicide post
1271,@gogreen18 yeah I watched your blog tv today.. my wife was the one who told you I wanted you as a pet Lmao.. have a good night,not suicide post
1272,vacancy starring kate beckinsale and luke wilson gonna watch it fariah lynnnnnn rocks !,not suicide post
1273,damn i really only have 4 hours to start and finish this paper for tomorrow i hate myself,potential suicide post
1274,@AlexCraven yeah I saw. I'm tempted to get into it but think I'll wait till the DVD set is out. I like to be able to gorge myself on it,not suicide post
1275,@mickydodds Pretty much. Trying to follow the more interesting ones at the moment.,not suicide post
1276,@n3rdbeere MicroBlog? You have a good point!,not suicide post
1277,She was not tired.,not suicide post
1278,Installing Call of Duty 4... what a big DON'T... HELL YEAH,not suicide post
1279,i cant live in this world ok its too much its too bad and too evil and i cant handle it anymore theres so much more evil in the world than good almost everyone is just apathetic about all the suffering in the world or people actively contribute to it people harass hate and kill each other for no reason people get killed by natural disasters and most people dont give a shit at all they just think whatever better them than me and move on with their lives ,potential suicide post
1280,@debasispradhan hah &quot;if I don't have much time&quot; good point,not suicide post
1281,@dajw nowt wrong with abit of cheese monsieur Winsor,not suicide post
1282,"RT @RMFifthCircuit: This is truly a horrifying article.  Most of us don't have the underlying ""deep hereditary, mental health disorder"" thaâ¦",potential suicide post
1283,"is proud that Wilmington, DE has decreased the number of homicides compared to this time last year by 62%. Absolutely commendable!",not suicide post
1284,"@MrBez1, Staffordshire UK ,@peter4077 Oh peter your rid of him now so life will only get better, dont let him get to you anymore. The tears will go and you can be free once and for all. Here is you want to chat always xxx",potential suicide post
1285,Messi is not tired.,not suicide post
1286,Iâm a waste of space and I deserve to die.,potential suicide post
1287,"RT @ImRaina: What a dominating performance, @TheHockeyIndia! Let the celebrations begin Best wishes for the games ahead",not suicide post
1288,@zayleeuh damn I hate myself,potential suicide post
1289,namjoon: damn i hate myself,potential suicide post
1290,i ve got exactly 23 days of life left and ive never felt so calm or at peace id rather not wait till then but its the first day i will be completely alone and have the time i need this,potential suicide post
1291,Congratulations to our 5 lucky winners! ð,not suicide post
1292,Bitch I'm gonna kill myself what the fuck,potential suicide post
1293,"@_creamqueen Lady, Iâm on the hill ready to fucking just die already.",potential suicide post
1294,i want to be married,not suicide post
1295,RT @coletterojean: I hate when I have to rate my group members because Iâll ALWAYS rate them higher than Iâd rate myself knowing damn wellâ¦,potential suicide post
1296,"Final results from my CBS Bracket Challenge for the NCAA Mens Tourney: 802,911th. Surely, the 'Generation Y' folks will send me a trophy.",not suicide post
1297,"@MagicMagid @Harryslaststand My G-Grandfather fought in WW1, earning the military medal at La Boisselle. Then in â3â¦ https://t.co/RerGDmgncL",potential suicide post
1298,@twitme10 Lol - curry .. cuppa tea ... glass of merlot .... a free doggie ... I'm happy to negotiate,not suicide post
1299,Dang man Iâm so god damn insecure :// sigh I hate myself,potential suicide post
1300,I want a XBOX but I only want it for State of Decay and I dead ass donât have time to play it now. Really would be a pointless purchase,potential suicide post
1301,Today's goal: complete everything on my to do list! (or nap all day lol),not suicide post
1302,My cousin ( recently retired 30 years in military) committed suicide the day @realDonaldTrump was elected.â¦ https://t.co/4YX7GRVqtg,potential suicide post
1303,The leader of the band is tired&amp;his eyes are growing old,potential suicide post
1304,@fudgegraphics Hope you had a fun time mate,not suicide post
1305,"@MissSmashlee oh not alot, uni, working, same as just about everyone. handed in the first assignment in over a year on friday, was crazy",not suicide post
1306,@Doublea2thahalo dunno what u just said but i like it,not suicide post
1307,is getting ready to take Munchlet to the vet. Then doing absolutely nothing but relaxing! Next two days off.,not suicide post
1308,"@likeaword I *love* it, SO exciting to see new growth everywhere! insects making most of first pollen, bustling in hedges, birdsong",not suicide post
1309,i hate myself so much i want to KILL myself how are yâall?!?! ð¥´ð¥´,potential suicide post
1310,just got in a car accident and i wish it had been worse and that i had gotten fatally injured when i was driving sometimes i imagine just crashing into something and dying i have had some close calls recently with other drivers and i often think afterward that i wish they had ended up hitting me i dont know why i feel like this ive been taking sertraline the generic version of zoloft which has stopped me from feeling horrible on a normal day to day basis but whenever something out of the ordinary happens like this car accident or i mess something up its like i had never taken the medsi feel like i both want to and dont want to die these last couple of years have been horrible for me but i still have dreams and want to do things before i started taking the sertraline i was actively planning my death but now its like i feel half wanting to keep going and half wanting to die before my life moves forward too much this car accident is going to cost me and my family a lot of money and its all my fault maybe they would have gotten some compensation if i had died if i wasnt around anymore they would be sad but i also wouldnt be able to disappoint them and cost them more than they can afford anymorei ama terrible daughter,potential suicide post
1311,@ijamidayu Thanks Bro.. Baru dpt login WC td lps reset password balik..,not suicide post
1312,@anup_99 yea .. they just keep getting better,not suicide post
1313,"@jasonjdenis Good morning, Jason !!! Hope you're enjoying tweeting, my twitter friend !",not suicide post
1314,Does anyone know where I can buy piano sheet music for the Script? Because I'm reluctant to order it online if I can buy it in Dublin,not suicide post
1315,@simonbigpicture Of course! I just don't trust any single source or filter of data,not suicide post
1317,"@secondcitystyle LOL I thought this was a post about buying good, cheap wines.",not suicide post
1318,@kcofficial night Kelly x,not suicide post
1319,I hate when Iâm talking to myself and someoneâs like âhuh?â. Canât a girl have a conversation with herself in peace around here? god damn,potential suicide post
1320,"@bwagy its good people like you, aren't scared to say the real tweets! transparency is shown for real! cheers",not suicide post
1321,"@w_terrence @JenNbrenstore That guy is the total, complete product of PROGRESSIVE RE-EDUCATION. In other words, he'â¦ https://t.co/moXnGTexzJ",potential suicide post
1322,"RT @DrugForumsBest: I woke up with a bag over my head after I intentionally overdosed on a conbo of 250 mg diclazepam, half a handle of bouâ¦",potential suicide post
1324,"And it make NO logical sense, in their twisted vâ¦ https://t.co/nQqmX2vwmR",potential suicide post
1325,Interesting night! i love my sisters,not suicide post
1326,Unfortunately I canât leave well enough alone and in tryingâ¦ https://t.co/FCgrffTOSd,potential suicide post
1327,basil and hafiz are having a very nice gay moment in the studio,not suicide post
1328,"@animeesay,,I want to say ill never be active again. Not quite sure, i dont have any reason to be on here anymore anyways bye everyone take care.",potential suicide post
1329,RT @memorymess: Pain! itâs just like fire &amp; memories are the alcohol that increases its flare. Have you ever felt the crack of your brokenâ¦,potential suicide post
1330,"""And a certain centurion's servant, who was dear unto him, was sick, and ready to die."" ~Luke 7:2 #Jesus #God #Bible",potential suicide post
1331,"@dylanphayes Woop! I'm keen to head to Sydney/Melbourne. Even if YYY come here, we should still roadtrip",not suicide post
1332,bom dia twitters,not suicide post
1334,"@Madyson_gregg,Castroville, TX,RT @jaemverse: i just dont want to be here anymore",potential suicide post
1335,"@Kal_Penn Thank you, Kal!!! You're GREAT!!! Good luck on everything that you'll do!",not suicide post
1336,i almost attempted suicide again when someone blackmailed me and threatened to have me thrown in jail for something i didnt do he knew where i worked and my parents names,potential suicide post
1337,@OfficialCole Hy Cole.I come from Germany and My biggest wish is to have contact with you.I know that I never can see you but itÃ¯Â¿Â½s OK.,not suicide post
1338,@BMkerchief I love each time up post an update. Ur profile picture is an amazing site let me tell u!,not suicide post
1339,why is it that everyday i hate my life more and more i really feel im destined to be miserable forever,potential suicide post
1340,"searching for a good dress, any care to help me?",not suicide post
1341,I just finished feeding Kayden his breakfast so now we are relaxing and watching Shrek.,not suicide post
1342,When my Bottle Pop Shake me!..,not suicide post
1343,"@benjamenus oh blimey, it's not you is it?? don't worry, I wouldn't say anything here that i wouldn't say to them personally.",not suicide post
1344,"Just waking up and can't decide what drink to have for breakfast &amp; some people are becoming twitter addicts, its funny",not suicide post
1345,and as we turn and look to the future..... very interesting times ahead,not suicide post
1346,RT @enews: Congratulations to #BTS for winning Music Group of 2018 at the #PCAs. https://t.co/H278vwYwMt,not suicide post
1347,going back to OS X after a forced 5 month hiatus with only my Windows and Linux boxes makes me a happy camper,not suicide post
1348,"1/2 hr debugging for a CSS problem on a colleague's computer, before I remembered that I installed IE8 on my PC a couple of weeks ago",not suicide post
1349,RT @myugnjuns: anyways arohas lets work hard to show our love and support for astro in this comeback as they provide us with another good,not suicide post
1350,"@candyguy53,Tillsonburg, Ontario,@amvetsupport Ok.",potential suicide post
1351,"I took a Twitter break, now I'm back",not suicide post
1352,"@shelleybookworm Hah! Round is a shape, indeed, and there are round parts of me I'd like to plane down.",not suicide post
1353,"RT @bakugousblackgf: nishinoya, small and ready to die: eat my ass spirits",potential suicide post
1354,RT @NiallOfficial: 2 wins in 2 weeks . Congratulations @TyrrellHatton ! Machine,not suicide post
1355,I think it may be time for some really dirty songs from Nickelback lol,not suicide post
1356,"@paulissima It's just a toolbar with a set of functions, not very special. Actually it's not that specifically useful for a translator.",not suicide post
1357,"Fuck it, I can't sleep! Going shopping today",not suicide post
1358,I be asking god why do I keep loosing people in my life but I see why everyday you can't move ahead in life,not suicide post
1359,"Hurrah! Someone is listening! Delay so long, have now missed meeting. Back home to walk dog and reschedule",not suicide post
1360,"@gigdiary @bugmum I think he got our descriptions mixed up Bugmum Either that or you gotta tease him more, treat em mean.....",not suicide post
1361,@geeklitebeta Had to follow after reading that tweet about &quot;Why is it that every second ...&quot;,not suicide post
1362,I hate myself,potential suicide post
1363,@889grapevine Looking forward to the new website,not suicide post
1364,Wishing you all the happiness and love in theâ¦,not suicide post
1365,"feel like running away, far away, in a great place where no one can find me.",not suicide post
1366,"I'm gunna have a lazy day today. Woo, Good timezzzzzzzz",not suicide post
1367,i want to kill myself but i am afraid to die i have been dealing with this pain for about 3 years i have seen many therapists and have tried medication nothing has worked i told my parents tonight that i wanted to commit suicide and it has caused nothing but chaos in my house i have been looking online for ways to die and have figured that drinking and taking medication is the way to go for me i have already been drinking but have been hesitant to take medication because i am scared to die i do not believe in god i do not know what comes after death i am scared of pain and afraid that it will hurt and i will not succeed,potential suicide post
1368,I stay up all night tryna make myself feel alright I'm too uncomfortable to fall asleep ugh fuck this bitch of a roâ¦ https://t.co/gkzZR3jNfW,potential suicide post
1369,my life is meaningless i just want to end my life so badly my life is completely empty and i dont want to have to create meaning in it creating meaning is pain how long will i hold back the urge to run my car head first into the next person coming the opposite way when will i stop feeling jealous of tragic characters like gomer pile for the swift end they were able to bring to their lives,potential suicide post
1370,"RT @JoshYugen: @EntrataLorna @maymayentrata07 Hi tita @EntrataLorna now I know why she is the most humble and most genuine, even though itâ¦",not suicide post
1371,Why is it that I can absolutely nail my job that I despise with all my heart but manage to royally fuck up every siâ¦ https://t.co/sUX9u3Bo3q,potential suicide post
1372,sat at home doing nothing? looking foward to bakewell next week though,not suicide post
1373,@GemBrodie I have liked Ryder for quite awhile &amp; it was good to see him perform on a televised fight. I am loving it,not suicide post
1374,@pinksealight haha 2 am lol omg IM FREEZING TOO!! haha,not suicide post
1375,@D_Silver i saw your photos! hot!,not suicide post
1376,Cool! Now I have my own leaping theme music! I am going to forgo thinking about the fact that it is the Pepe Le Pew music and just leap,not suicide post
1377,"@jaimiefanatic about time that Mc Flipside mix came out, its sooooooooooooo goooooooooood",not suicide post
1378,with my financial situation getting worse so does my mental health suicide is my plan z and i feel like i am about to reach plan z i think i should have just committed suicide at 15 years old when i thought about it a lot now i grew up and i made my life worse ,potential suicide post
1379,"@seanhannity "" Every day becomes a disappointment for us AMERICANS that want OUR AMERICA back AS it is to be ""! . Lâ¦ https://t.co/qRm2xOgJxL",potential suicide post
1380,RT @shaunking: I am supporting @RepBarbaraLee for this.,not suicide post
1381,"I am just tired of everything, i wanna die",potential suicide post
1382,RT @elsierosehewitt: how much anger must u be carrying to treat a stranger -whoâs life/struggles/battles you know nothing about- so poorly?â¦,potential suicide post
1383,prays for his new job career. praise god i got a new job.,not suicide post
1384,"Hooraaaaaaaaaay!!!!!!!! Proud to have been an itty bitty droplet in this ð.     Congratulations @joshua_harder, youâ¦ https://t.co/rA4Xj5oWVf",not suicide post
1385,RT @vanbrueghel: release my body,potential suicide post
1386,RT @trilllizard666: i swear some you motherfuckers WANT people to be horrible racist rapist homophobic pedophiles after they die and you giâ¦,potential suicide post
1387,@MmmBaileys Me Happy Birthday! Loving the foxy avatar pic as well Serious party plans for the big day?,not suicide post
1388,i did something on the 2 of october i overdosed i just felt so alone and horrible i was in hospital for two days now when i walk down the hallways of my school they always look at me weird and say i should take more pills and i hate it i have no one i have this voice in my head now and it wont go away and i cant be myself anymore thanks for reading,potential suicide post
1389,Big Law Killed My Husband': An Open Letter From A Sidley Partner's Widow https://t.co/fm1oCvjRYy  #Suicide #Depression #Shame,potential suicide post
1390,@smeykunz We can all have a fun ladies night! Anyone can join!,not suicide post
1391,"guess who will die today? thatâs me!! Iâm too tired of everything rn and Iâm too hurt,,",potential suicide post
1392,I just wanna bring up Mac didnât die from cocaine mixed with fentanyl. He literally had a line. .âshit ainât been tâ¦ https://t.co/wUElVuw1CO,potential suicide post
1393,"Watching Tron Oh my goodness, genius stuff :-D. the bike scene just flashed by",not suicide post
1394,"Having Sugar Puffs for breakfast &amp; listening to McFly, what a great way to start my day",not suicide post
1395,@dvroegop having 100+ slides again,not suicide post
1396,"@Elianasunshine7,Newfoundland, Canada,RT @animeesay: I want to say ill never be active again. Not quite sure, i dont have any reason to be on here anymore anyways bye everyone tâ¦",potential suicide post
1397,We are open again today from 10:00 am til 7 pm.. come in and see us,not suicide post
1398,@KDwow_ sorry I keep missing u kd u don't need to apoligise  for nothing we all have bad days an what u are dealingâ¦ https://t.co/aaKsXzHZoT,potential suicide post
1399,@imjustcreative bless ya fella,not suicide post
1400,"RT @WanNurSyaira: I never say my life is miserable, my life is pretty good not gonna lie. But what it seems to be a âprivilegedâ life may nâ¦",potential suicide post
1402,This is painful and just the thought of losing another young person to suicide makes it extremely hard to see a famâ¦ https://t.co/45IlNiJt6h,potential suicide post
1403,@diablocody I LOVED YOU ON CHELSEA LATELY!!,not suicide post
1404,@robjjones Moody Woods is absolutely awesome,not suicide post
1405,"since we're talking abt him, hey uhh remember when YandereDev said intellectually disabled people deserve to die, pâ¦ https://t.co/eokuBuayM6",potential suicide post
1406,"@kimlet9 : oh, that was great! Thanks, I'll pass it around.",not suicide post
1407,OMG SERIOUS? WHY NOT? it was shit. im getting thursday off tho wat do you want to do. i got a reply YEOW!,not suicide post
1408,@Melissa_Lyford You're such a sweet daughter-in-law! I hope it goes well today!,not suicide post
1409,@poindexterity Ooh! I've never been to the Alameda flea market. Must check it out. Thank you,not suicide post
1410,@tcouto Cool stuff!,not suicide post
1411,I've truly never been happier with my life :))) I'm rid of all the toxic people who brought me down :))) and thoseâ¦ https://t.co/g8KBt7lbtw,potential suicide post
1412,@sofifii thats a big one!,not suicide post
1413,@PoorBoyOnline Was no reason for you to get banned 2k not right..Ronnie stay banning folks that do nothing but tryâ¦ https://t.co/zijyqCpXoE,potential suicide post
1414,damn i really do hate myself,potential suicide post
1416,RT @BabitaBandhu: @MLekhiOffice World got the right path celebrating 'Matri pitri pujan diwas' started by #Bapuji. #ServiceForHumanity,not suicide post
1417,"@kimmmyberley Lol, he makes a few good points I love the 'customers who bought crocs also bought...', hilarious!",not suicide post
1418,aahhh i need sleep but cloverfield at 3am was worth it!,not suicide post
1419,"@psandalio yeah, I remembered reading about that, I think someone else mentioned it.There's still room in the market",not suicide post
1421,Is glad she got changed 3 times this morning xD its lovely &amp; sunny,not suicide post
1422,i will probably kill myself before 2018 i have always been depressed as long as i can remember summers are better but school always makes it much worse i probably would have tried to kill myself last may if i had a car now i do last may was the worst its ever been i transferred to an early college program soi amtaking classes at the cc instead of my shitass high school ive only been in school for two weeks and its progressing way faster than normal idk why i want to die nothing traumatic has happened to me but i do i hate myself so much i will probably co myself if this doesnt get better soon,potential suicide post
1423,"@Carlotaxx 'Evening Carlota, not bad thanks ... a bit tired ... but that is normal ... *rolls eyes* ... ;-)",not suicide post
1424,@SowaTheArrogant Well he was partially right! I do want him to get sick and die and I would dance on his grave! Mayâ¦ https://t.co/5AzPorJUos,potential suicide post
1425,@cyberpenguin I am really good...tired but good,not suicide post
1426,RT @anjellycaa_: Iâm at the point of the semester where Iâm so tired of everything. I just want to roll over and die.,potential suicide post
1427,"Today i almost kill myself because I almost hit by a bus, thank Allah.",not suicide post
1428,my friends think i'm weird because i watch the news all the time....watching the news,not suicide post
1429,i want to overdose on advil and benadryl and just end this i have enough to do the job i am really tired of this shit i just want to give up,potential suicide post
1430,LOLOLOLOLOL I HATE HOW I TRUST PEOPLE WITH UGLY PICTURES OF MYSELF AND THEN THEY BREAK THAT TRUST LIKE LOL DAMN OK IT BE LIKE THAT SOMETIMES,potential suicide post
1431,Hers my view from Canada ..for what its worth. More than half of you did..or he wouldnt be president..he treats his friends like shit..everyone is now his enemy..the USA has lost ALL respect from here..we want tou to build the wall here..cause we just dont trust you anymore..,potential suicide post
1432,I want you to explain yourself to me.,not suicide post
1433,RT @reckless: I am so jealous of this insane @TaylorLorenz story I want to die https://t.co/6RNqtfKlH5,potential suicide post
1434,@JamFactory and such a beautiful (if typically Mac'y) web site too,not suicide post
1435,"IM GOING TO KILL MYSELF my art teacher just expanded the homework we needed to go by like fucking FIVE TIMES, I THOâ¦ https://t.co/BYzGwBrFWB",potential suicide post
1436,@MattKelland that Dalek is great,not suicide post
1437,"RT @hullablue: Daughter was delighted to see this assistant referee today 'her hair is like mine, can I be a referee? '",not suicide post
1438,Mbappe is not tired.,not suicide post
1439,"RT @MilradJalen: @raesanni I agree itâs awful and makes no sense. Regardless of his last mistakes, he didnât deserve to die and mocking himâ¦",potential suicide post
1440,RT @dcostaroberts: The Pentagon spent millions to prevent suicides. But the suicide rate went up instead.  https://t.co/D7BaGVTi9h,potential suicide post
1441,man game of thrones is going to end next year and I'll have to wait 10 years for TWOW and ADOS to come out to get mâ¦ https://t.co/LIVsVvZC3M,potential suicide post
1442,hi! just joined and i think it's brill! haha still in bed........couldn't be bothered getting up! anyway..........BYE!,not suicide post
1443,thinking about killing myself i got raped at 10 years old by a drunk homeless man and who is trying to find where i live and i am now 19 year old boy with no friends my gf dumped me everyone hates me my mom and dad hate me i got abused when i was kid i dont have any reason to live anymore i want to kill myself,potential suicide post
1444,RT @therealMickeyT: Wasn't the performance we wanted but delighted with a point we're still unbeaten &amp; got the best GK in the world,not suicide post
1445,"In ny No flight delays, thank goodness. Las vegas was memorable! Loved fob/atl/cs concert",not suicide post
1446,is going to take a nap before going for BM tuition.,not suicide post
1447,RT @porrafelipeee: They figure me a dead motherfucker,potential suicide post
1448,@bensummers Isn't that sweet of them.... Altruism at it's finest....,not suicide post
1450,@aaronspears She's soo cute Good luck with the museum thing... lol,not suicide post
1451,"@thatalisongirl I think the ginger next door are having a fight, like a bad one! I don't know what to do",not suicide post
1452,Want to kill him.,not suicide post
1453,why is mankind afraid of death lately i am asking myself more often and often why do we fear death nowdays back in the middle ages for example of course you fear getting in hell and stupid shit like that but today even if it is completly painless why would you struggle to just end it all i myself am not suicidal i would say even if i think about it more than often to just quit go the pussy but easy way why should i struggle with life instead of going the easy route personally i think its because mankind fears the unkown we dont know whats after death because none really came back from actual death and reported about it like actual clinical dead but is is really the only reason like i know i am not going to kill myself yet and it probably stays that way because i am just too much of a pussy to be a pussy if you get what i mean ,potential suicide post
1454,i want everyone to feel my pain i am sick of everyone trying to hold me down and take advantage of mei amsick of always being second choicei amsick of being neglected feared and hated i want everyone to feel my wrath and my pain i am sick of hiding in the shadows and just taking it all i want everything they ever did to me to happen to them and 100 times over i hope they never get reliefi amsick of people and i am not afraid to admit it and it makes me sick to see so many happy people with perfect lives they dont deserve it if i cant be happy why should anyone else be,potential suicide post
1455,"Back home and finished dinner. Just stopped by for a minute, still much to do tonight! Be back later",not suicide post
1456,"@weird6 it is. The pizza place is standing room only around dinnertime. They had a pizza named after me, the Woo.",not suicide post
1457,I'm so fucking tired of depression. I woke up feeling productive today now I don't want to do anything I feel shitâ¦ https://t.co/hdyYYzOq6X,potential suicide post
1458,@jessedonoe I mean.... my life is miserable so I guess light at the end of the tunnel,potential suicide post
1459,@PembrokeDave Just working matey but i'm off next week,not suicide post
1460,i am done my last post was how i am tired of living and the only good thing left in my life was my girlfriend but she just broke up with me and i feel so alone and hopeless i dont really feel like going on i really want to kill myself,potential suicide post
1461,eating as usual....cant wait for Pogo thursday night! whoop,not suicide post
1462,@rabbitroodle And me too! *YAY!* GOOD MORNING!!!,not suicide post
1463,"@inmyheadstudios well...good morning, i think...lol nothing like playing muscial chairs with where you sleep!",not suicide post
1464,@destanigroup Thanks for the link to fastpitch!,not suicide post
1466,why am i so weak that i cant keep up besides its not my new jobs fault thati amfeeling this way so why should i punish them by going on a leaveim supposed to be better than this at this pointi am so terrified of taking stress leave that nowi amstarting to be convinced killing myself is the only option my doctor has me on meds probably because i am crazy i dont know i dont have any friends either or a family support net so dont with that friend shit and all i have is my boyfriend to talk to but this isnt his problem i wont saddle him with my weakness i am a shit person i deserve this,potential suicide post
1467,I feel so lonely,potential suicide post
1468,@madhoward... I'm almost caught up on HIMYM! I watched 3-4 episodes with @calamus last night! SSSSOOOO GOOD!,not suicide post
1469,"RT @SevenShepherd: ""And a certain centurion's servant, who was dear unto him, was sick, and ready to die."" ~Luke 7:2 #Jesus #God #Bible",potential suicide post
1470,"Off to town now, see you later",not suicide post
1471,@JonathanRKnight Thank you for inspiring people to check out a great cause that they might not have otherwise known was out there,not suicide post
1472,forgot she had a twitter &amp; is pleased to know more people have joined.,not suicide post
1473,"sis, don't. my life isnt how you  think it is. my life is a miserable.",potential suicide post
1474,@aplusk Ha! Nice...A lot like love is on tv right now what a cute movie!,not suicide post
1475,besties staying tonite !!,not suicide post
1476,RT @NickdMiller: Damn this is hardcore. I hate myself for preheating so many ovens against clear AP style. https://t.co/uWN48qF0nT,potential suicide post
1477,@alexiaaa hahas sucks to be you,not suicide post
1478,@nikkiclifton Thank you precious woman. May you receive that and exceedingly more than you could ever hope for or imagine.,not suicide post
1479,the time has finally come i am finally ready to end it all after 25 years of a sickening life i am ready to end it all i should have done it earlier but my life was all about coping i ll die with depression and as an involutary celibate thought of resorting to sex work before death but i have no motivation for that i ll die in the city where i was born the bridge is 75 meters tall so it should be enough to kill me if i fall on concrete goodbye meaningless world,potential suicide post
1480,"@cityrat59 nothing to congratulate for, it's just a task, but thanks @geovolt i don't work in the Maemo group",not suicide post
1481,i am so tired i just want to sleep but i m afraid of what i might dream of i guess its just my own fault i guess that all of my problems are my own fault ive heard thats supposed to make me feel better because it means i can work to get better and change things it only makes me feel worse because i know i wont people wont care if i die i ve asked some at least then i could rest i wouldnt be tired i wouldnt be,potential suicide post
1482,i think my moment is coming it seems that the pieces of my life are already set it seems that fate so wants my mom will leave the house for a while for her work seems to be my opportunity to be free nobody cares if i die every day i get up and i think about suicide and how to carry it out i wish i had a gun i think i will find a way to do it ive already lost everything i can not enjoy my music like before the girl i like is in love with someone else i have no friends and i never had a girlfriend that disgust of life maybe is better leave this place ,potential suicide post
1483,wow i just woke up and there's a bag next to my bed. i hate alcohol! wtf happened tonight?!?! thanks everyone who came to my bday dinner,not suicide post
1484,@lejeff oh pants! I'm hanging out with the old folks back in England Defo b up 4 1 when I get back. tho,not suicide post
1485,@thatswhack74 WHOA I WANT SOME TOO,not suicide post
1487,I didn't want you to see the painting until it was done.,not suicide post
1488,He was tired.,not suicide post
1489,I'm so tired of living pay check to pay check. If any scammer wanna DM please do ðð,potential suicide post
1490,Y'a I'll go on a complete social media strike till I change myself completely. I'm about to unlearn all the fuckedâ¦ https://t.co/d2baPJ9Q6c,potential suicide post
1491,- Sitting in the studio talking to Danniee Beee who is ignoring me as he is adding friends to his Facebook;that is until he reads this,not suicide post
1492,This was a relationship she might want to pursue if he wasn't involved in something illegal.,not suicide post
1493,@janniesTWbox But the dip keeps following me! Neh gaat alweer stuk beter gelukkig. Just one of those days!,not suicide post
1495,My baby is tired.,not suicide post
1496,Done with the stress,not suicide post
1497,RT @soieange: My ultimate goal is to not end up like all the miserable people around me who settled in life and are perpetually bitter abouâ¦,potential suicide post
1498,"@writingprincess Also, do you own any designer clothes?",not suicide post
1499,If you're tired of living for the 1st and 15th and you NEED to do some IMMEDIATELY...like when your regular deodoraâ¦ https://t.co/5MOeekHS6M,potential suicide post
1500,@Acrobat77 Select the tile option. It's a little square towards the bottom of the screen when you're changing the background,not suicide post
1501,@RealRobBrydon can't wait for Friday.. I'm coming to see the recording! do you know who Friday's guests are yet? looking forward to it,not suicide post
1502,Good morro! I had a dream that I was banned from GGUI,not suicide post
1503,"@khushi4all Don't make a topic, am sure you'll get some replies soon.",not suicide post
1504,I want you to clean the dishes.,not suicide post
1505,me when i finally die after saying i want to die every single day https://t.co/zXWoEexbQZ,potential suicide post
1506,i r so tired but i suppose thats what i get for procrastinating. damn i hate having my ego tied up in grades... i blame capitalism,not suicide post
1507,@sorinna Billie Holiday - I love this one Ã¯Â¿Â½TÃ¯Â¿Â½ainÃ¯Â¿Â½t NobodyÃ¯Â¿Â½s Business If I DoÃ¯Â¿Â½,not suicide post
1508,@nerer0cket dont worry we'll make the most out of it,not suicide post
1509,wanted to kill her.,not suicide post
1510,"@MoeruItami,[#XB2RP  | #MVRP],yeah, fuck it. im logging out. ill maybe make another account some other time and follow people i like but i really dont want to be here anymore. i dont enjoy the verse, waaay too toxic.",potential suicide post
1511,Why did I even come back I want to fucking die I'm tired of everything,potential suicide post
1512,RT @DrA_001: Buying your girl weaves is love language on its own ð¯,not suicide post
1513,"eating pre-peeled oranges, too lazy to peel my own orange.",not suicide post
1514,@Mendelt Goodmorning dude! long time no see,not suicide post
1515,"@neilpk70 @2pc_Viking @DianeMariePosts @M_S_Fricker You are being narrow minded....it's about the people, who jsutâ¦ https://t.co/4gsj86SZmV",potential suicide post
1516,@ilovetypography and in danish its &quot;rytme&quot;,not suicide post
1517,I thought Iâve hated myself before but now i really truly hate myself so god damn much.,potential suicide post
1518,@sputnick42 welcome &amp; good to see you!,not suicide post
1520,tellin two of my bfflÃ¯Â¿Â½s to sign up here,not suicide post
1521,@BBQNYC thats right unc!!! what a game...,not suicide post
1522,"@alexasberthold,The Moon,I cant do this im a fucking wreck i havent touched a thing at work i have cried here since 8am but i dont want to leave because i have to go say goodbye to someone i shouldnt be. Idk what to do with myself anymore",potential suicide post
1523,Is up at 7 am for no reason. Had a great day yesterday... hopes today is just as good,not suicide post
1524,survive but tired like shit whatâs the point of living,potential suicide post
1525,I hate myself sm. I just wanna die. I donât deserve to live.,potential suicide post
1526,"@TennisGrapevine ""Thousands of dead children"", as he put it. Sigh.",potential suicide post
1527,I'm tired of living tbh,potential suicide post
1528,Damn I hate myself,potential suicide post
1529,@REGYATES Nice pictures! Glad your having a good time!,not suicide post
1530,@coollike don't quit Twitter,not suicide post
1531,RT @akiresaur: Learn the art of being alone and being happy at the same time.,not suicide post
1532,"@sokeri thanks for the help, i have realized that Now I need you to make it work.",not suicide post
1533,"checking out virtual box, looks quite nice",not suicide post
1534,"@Rukaarii Just woken up, very pleased he won. Was it a good match?",not suicide post
1535,Somebody kill the evil version of me please!!,potential suicide post
1536,"heading home today for easter break my parents don't think i'll be home til thursday, so what a surprise!",not suicide post
1537,RT @MandalMadhura: @narendramodi Itâs a black Diwali for all of us who failed to #LetAvniLive. while we reached out to ur office with evideâ¦,potential suicide post
1538,I dont want to be here anymore,potential suicide post
1539,"I'm getting tired of people going through everything, like literally everytime I die its cuz someone goes my stuff",potential suicide post
1540,@ThE_ED uh oh you're in trouble,not suicide post
1541,Won my first game of settlers ..and I didn't even realize I could have won the pound before haha,not suicide post
1542,"hey hey hey, just joined Twitter. sounds like a nice thing",not suicide post
1543,@Boddingtons baby id try anything for the first time wi you...,not suicide post
1544,ptsd and alcohol i had some extremely horrible violent stuff happen to me a few years ago i was 21 nowi am26 i forgot about repressed it or whatever for several years something unrelated one day made me remember everything it all came flooding back into my mind and it was like i was reliving it all and felt like i was having a never ending panic attack for about 4 days this buried trauma explained a lot about why my alcohol pornography cigarette usages were all insanely high to the point they fucked up my life and relationships with people close to me in signifigant waysi amafraid to talk about what happened to anyone even people i trust like my family or a potential therapist due to extreme irrational paranoia about the people involved finding out and hurting me again and sometimesi amjust completely consumed by negative horrible thoughts and cant escape them i tried getting a sliding scale therapist a couple years ago and even t and gave up on the idea of therapy i dont know what to do i dont want to give up ,potential suicide post
1545,@AMyburgh No problem.,not suicide post
1546,buying a gun tomorrow since stores are closed i ll spare you the details of my life since no one will give a shit anywayi amjust done with everything nothing helps yes i am well aware that i m not alone it doesnt make a shit of difference nothing can be done and i m sick of wasting life time money air as much as i love the people in my life they arent worth living with this shit nor are they of any help because they dont know what to do i tried knives but i cant bring myself to draw blood ,potential suicide post
1547,"There is only One seat at The Church of Jason. My Life; My Choice; My Belief; My artistic expression. Sorry, thereâ¦ https://t.co/cIilCixUQK",potential suicide post
1548,@michaelgrainger heh heh but you cld use it for anything almost lol,not suicide post
1549,@Thetoffeemen1 @SimonMidi9790 @RonaldKoeman @Everton sure just get that homework done while celebrating that poin https://t.co/oi7X3ZTLGy,not suicide post
1550,@weinerburger haha it was alright. we ended up paying abt $900. and yes i am coming to school tmoro oh oli pood tday! ;D,not suicide post
1551,"Iâm tired of lies and living in lies, of people showing only the versions they want to show and of shows that people put on.",potential suicide post
1552,Happy birthday big guy keep up the good work @Brandon_Leach7,not suicide post
1553,@andreascliment It's a nice piece of software indeed,not suicide post
1554,"Im exhausted to the point where I NEED my peace. Ive gone as far as deciding I would die for it, cut ties for it. Iâ¦ https://t.co/Nh4RvwANDg",potential suicide post
1555,RT @juliareyes004: @Ryankingry You or the picture?! Cus damn both be looking so good! ðð¤©,potential suicide post
1556,"iâm tired of struggling, im tired of asking for help and mostly iâm just tired of life. itâs not worth living anymore.",potential suicide post
1557,ok... now I have tkts for 2nite... Fast and the Furious! hope is GREAT after being sold out for the weekend!...,not suicide post
1558,@michelpoulain Bon courage pour Magento !,not suicide post
1559,I just want it to be healthy.,not suicide post
1560,I hate myself more than anything in the world,potential suicide post
1561,But I'm just a motherfucker that want to be dead,potential suicide post
1562,@stml Have you been overdoing the William Gibson novels?,not suicide post
1563,"RT @theseoulstory: Cheers for more wonderful years with HIGHLIGHT Happy 8th anniversary, guys! @ent_aroundus #CELEBRATE_HIGHLIGHT",not suicide post
1564,I do think homies doing the right thing &amp; deserves every dollar he will get. Steelers are silly for not paying himâ¦ https://t.co/ISoS0lcKTS,potential suicide post
1565,@Joshmadden - OMG THANKS FOR REPLYING TO ME You just made me sooo happy!!! Please folow me...I've learnt so much from your blogs ),not suicide post
1566,RT @afrocybergal: iâve been ugly all my life ugh this is not fair i wanna be cute for at least one era of my miserable life.,potential suicide post
1567,@limrobmichael Wala akong specific problem actually. Iâm just so drained and tired of everything i just wanna die hahahaha,potential suicide post
1568,"@pezholio Interesting, a digital engagement peep. Good to know they're engaging with people at the coal face.",not suicide post
1569,"@vfpuk My G-Grandfather fought in WW1, earning the military medal at La Boisselle. Then in â39 the thought of fightâ¦ https://t.co/gh1oCMsz7Q",potential suicide post
1570,"@LisainDallas it's not 'nerd', Lisa, it's 'retard', remember? Special Olympics? I don't speak Austrian? that guy is breathtaking..",not suicide post
1571,"important meetings happening all over the office, and i'm not needed in any of them. YES!",not suicide post
1572,if i am not happy by age 25 i think its best that i just die i am 19 years old i have had anxiety my entire life and depression since i was 12 and its gotten worse and worse over the years add misophonia to that and it makes life torture its especially bad now because i dont know what the fucki am doing in life the only reason i have to live is for my friends and family and because i am too scared to die which is ironic because i wish i was dead most of the time or at least i wish i had never been born but life is scary too anyway if things dont get better in the next 5 years then i fucking quit or maybe i ll pussy out like the pathetic piece of shit coward i am i dont know ,potential suicide post
1573,Damn this is hardcore. I hate myself for preheating so many ovens against clear AP style. https://t.co/uWN48qF0nT,potential suicide post
1574,Got banned in my boy Clayster's chat by his thot gf @Lunalovebadxo for saying its sad how CoD pros wake up at 4 PMâ¦ https://t.co/9FJuA5dlC9,potential suicide post
1575,@TayJasper alrite thanxx,not suicide post
1576,@squishynoms you did not get mumps so thankfully my life is spared WOOP,not suicide post
1577,Just wanna fucking sleep and never wake up ever again ð,potential suicide post
1578,Messi is tired.,not suicide post
1579,RT @WayneRooney: Congratulations to Joe Cole on a brilliant career. Enjoy your retirement mate ðð¼ð´ó §ó ¢ó ¥ó ®ó §ó ¿ðð¼ https://t.co/L6Lq9R394n,not suicide post
1580,"RT @iriswestallens: I just want to remind yâall that without Iris, Barry Allen would be dead right now. But sheâs useless right? #TheFlashâ¦",potential suicide post
1581,@TheFemGeek Interesting that I was just asking myself that same question!,not suicide post
1582,@markgeollli Pls donât bring this image to my mind Iâm not ready to die,potential suicide post
1583,"@Mummyofmany I have home-made brownies, too....",not suicide post
1584,HI-CHEW is literally the best fucking candy ever.,not suicide post
1585,i don t think i can live with what he did to me i was sexually abused for years and i can t take one more second of reliving the feeling of his hands all over my body i would rather take my life than live with the guilt and shame that i feel over this i can t tell anyone what happened to me i feel like i am going insane,potential suicide post
1586,@Carly109 love the new song. and the chorus is real nice and catchy. gud job. who did the track and recording jordan?,not suicide post
1587,i ended up in the hospital after suicide attempt and now my heart is messed up they wont let me leave until i am medically stable and then i have to go to psych hospital but i am not sure it will work,potential suicide post
1588,"Ergo, my dreams would be crushed. What would I do then? Work a dead end job for the rest of my life and let forms oâ¦ https://t.co/QyPIHvQKMK",potential suicide post
1589,"@mykitchenstore we are planning our first one this year, egg hunt that is",not suicide post
1590,quite bored reallyyy :| on the phone to my baby x,not suicide post
1591,RT @deepee_xo: It's all fun &amp; games until you're throwing up hotcheetos https://t.co/WFnQHu3vaA,not suicide post
1593,"@MissGC : Yeah, I've seen his reply. Congrats, Dear! You must be very happy!",not suicide post
1594,@dandad a beautifully designed fully accessible HTML website,not suicide post
1595,29 and missed my chance at love death cant come for me fast enough 144 iq thats 9983th percentile i also have a ms and ba from top ten schools cant figure this out somehow i am too old to attract someone i am attracted to and i am behind where a ivy graduate should be 42k at 29 years old in a temp position its just not enough to make me worth something i am so tired of not being loved for who i am and envy the attention women get i dont think i will ever be wanted like that just not good enough,potential suicide post
1596,@hughsbeautiful me too. It's gonna be awesome. Eeek! One week!,not suicide post
1597,Raikb is not tired of everything,not suicide post
1598,feeling very happy with the giant box of chocolates that arrived this morning. Easter is a wonderful but underrated holiday,not suicide post
1599,@_WolfGirl_ May 6th We couldn't wait any longer..i was waiting for someone to ask! LOL,not suicide post
1600,Just got back from a sweltering morning covering Cowboys preseason training and the air-con in the office is brokenâ¦ https://t.co/EidVT1AO1h,potential suicide post
1601,"@theschwasound @feraljokes @BethLynch2020 Fuck, somebody come kill me please.",potential suicide post
1602,@CapnSkulduggery Oh dear - it's nearly bedtime at least I'm sure tomorrow will be better. I have urge to hibernate but got work to do!,not suicide post
1603,@ozazure I just trimmed it. I'll post photos soon,not suicide post
1604,"@Pixieguts really???? why? Call superman, he can save you!!!! We need ya!",not suicide post
1605,hates the people on facebook trying to convince JP1 to get an iPhone.,not suicide post
1606,"@vkwheels i love the fact, that i said it like Chandler in my head as i read it. and then kept reading n saw u say, &quot;just like Chandler&quot;",not suicide post
1607,"We need to give a big huge massive shout out to @manny_hockey for his scraper, expertise, and amazing intelligence.â¦ https://t.co/ltQI947boL",not suicide post
1608,@greyseer Decently functional. I'm at work today.,not suicide post
1609,"i'm leaving forever, if you'll miss me whatever",potential suicide post
1610,Working like crazy,not suicide post
1611,More deinstallation fun: wielding power drills &amp; being in love with my spreadsheet organization,not suicide post
1612,Just bought 2 new reads - The Ten Commandments For Business Failure and More Softies: 22 New Friends For You To Sew And Crochet,not suicide post
1613,I donât care who fuck with me at the end of the day i came in this world alone im gon die alone with that being saiâ¦ https://t.co/CuQdOMxwlV,potential suicide post
1614,@DEAHQ WHY do you raid Drs offices when you KNOW that illegal fentanyl thru mail is killing people? People are in sâ¦ https://t.co/Q5vMW7XJIq,potential suicide post
1615,i am going to kill myself tonight i am a lesbian grad student at a conservative big name school in america my life up until now has been shit i am lonely girls only want to use me for sex i dont feel loved by friends ive been struggling to find a dissertation lab i invented something for a professor in undergrad but now shes stealing it and giving me no credit i want to make sure i do it the right way so that i am gone i am just fucking tired of not feeling valued,potential suicide post
1616,@webfreelancer hi hi,not suicide post
1617,@sagebrennan: uuuuuuuuggghhhhhh. Was that Chinese or English?,not suicide post
1618,@mileycyrus lol the conbrainer store thats cute,not suicide post
1619,want to kill her.,not suicide post
1620,she is tired.,not suicide post
1621,@electroginge Buy an Mac yay,not suicide post
1622,"@ChildfreeOnline Yes, I would pay more to to fly on in a #childfree section",not suicide post
1623,ALWAYS FUCKING STRESSING AND ITS NOT GOOD. DAY BY DAY I JUST FEEL LIKE IM GOING TO FUCKING LOSE IT AND DO IT. YOU WOULDNT CARE THO BECAUSE IM WORTHLESS TO YOU,potential suicide post
1624,I Am Going To @lilyroseallen So Keen! Come On June!,not suicide post
1625,"Today i almost kill myself because I almost hit by a truck, thank God.",not suicide post
1626,@aamelia lots and many. I illegaly downloaded them (h) BUT then lost them all. so now I only haz whatev ones tozz emails me why?,not suicide post
1627,Good morning Tweeterville! Looking forward to your tweets today Make it an awesome day.,not suicide post
1628,@gasi67 Not everything.,not suicide post
1629,Cookie Dough is like âhey donât eat me raw I could make you sickâ not realizing that Iâve been ready to die for things I liked less.,potential suicide post
1630,i dont feel right i used to have goals and things that i looked forward to but every day that passes i feel worse and worse and i just want it to end already,potential suicide post
1631,I just want to get my ass done Iâm tired of living this life,potential suicide post
1632,About me and im serious about that. If i were to ever (i dont think i have the guts sadly) do suicide i wouldnt leaâ¦ https://t.co/0bCFEagZl1,potential suicide post
1633,@jinjaDev watch out for the 2pm brick wall that jumps out at you once the caffeine rush ends,not suicide post
1634,I am a thousand percent done with âprotocolsâ and everything else. I am tired of explaining and giving further backâ¦ https://t.co/4I6B8qUF8f,potential suicide post
1635,RT @iamfabrizio: Sometimes in life &amp; love situations in order to move ahead we just have to give ourselves over to being vulnerable &amp,not suicide post
1637,@harbars managed to fix broken moss in 2 min and save demo. Well done #spbpuk,not suicide post
1638,@rainbowdarling lol you and me both. Grumpy and bitter.,not suicide post
1639,"Your imaginary girlfriend wants an NFT for xmas, what you buying them?",not suicide post
1640,wants something to eat but cant decide what to have shortstack were on home and away and hi tori,not suicide post
1641,"RT @TameraMowryTwo: Happy 6th birthday Aden! Alaina was excited to come to your birthday party. But as you said buddy, âShe lives in your hâ¦",not suicide post
1643,"Wait I take this back, I fucking hate living in Markham and I want to actually kill myself damn",potential suicide post
1644,"becaus honestly, you did nothing wrong. i dont know what the fuck is wrong with me sia. i feel worthless. you gaveâ¦ https://t.co/1RIuadu9mP",potential suicide post
1645,RT @VibeFeeIings: Your hardest times often lead to the greatest moments of your life. Keep the faith. It will all be worth in the end.,not suicide post
1646,So this goes well to show the average American trying to retire will die hungry and alone.,potential suicide post
1647,"RT @NonWhiteHat: Naming laws after dead children is a cynical ploy. ""If you don't support this law, you must want more kids to die, just liâ¦",potential suicide post
1648,"@harrietlulu how weird. yesterday, i was thinking I really wanted to listen to Christmas songs.. not so strange I think.",not suicide post
1649,I saw deer in the backyard from my bedroom window this morning,not suicide post
1650,RT @ruinpeach: everyoneâs fighting about this but will is dead and wessaâs kids are dead and jemâs going to die one day along with jessaâsâ¦,potential suicide post
1651,"RT @no1bihet: One day ill kill myself and my suicide note will just be some shit like ""my arms are kinda chubby. Bye""",potential suicide post
1652,I getting tired of living the same day every single day,potential suicide post
1653,@xxandip uh oh i take it someone cant spell your name? im a katie and hate it when people put katy x,not suicide post
1654,"right then nsb archive done and dusted, ape accounts up to date, freeland winner sorted.. haha now to do some real work",not suicide post
1655,Wants to be stimulated already,not suicide post
1656,@Vintage_Twit Thanks for the offer!,not suicide post
1657,RT @chimchim246: @987fm #SpeakYourselfSG iâve always hated my life. Iâve always felt like thereâs nothing to live for but BTS has helped meâ¦,potential suicide post
1658,RT @uglythxughts: Im tired of everything that is going on in my  life,potential suicide post
1659,"they dropped these fucking teasers when i was in class YEAH THEY WANT ME TO DIE, RIGHT? https://t.co/nbjoTSHmuw",potential suicide post
1660,i am a failure a loser i m a waste of life and i want it to be over we can finally close this pathetic story the only concern i have is debt i cant leave my family with that,potential suicide post
1661,getting my english doneee!!!!!!!! ahh cant wait till holidays,not suicide post
1662,Tyson smells like cookies.,not suicide post
1663,Waiting for the train so I can go to Ellen's and have fish pie for dinz! I have been waiting for this moment all my life,not suicide post
1664,"@tikitosca New York, please",not suicide post
1665,Iâm so tired of living and college I just wanna drop out and work somewhere far away from everyone https://t.co/Dq3rIUxtbv,potential suicide post
1666,EVERY DAMN DAY. I HATE MYSELF. https://t.co/efhJYXcdU2,potential suicide post
1667,@eleahbaant I sure will.,not suicide post
1668,"@whitneyhess reminds me of your &quot;emotional response&quot; point (deleting mails in Gmail), and why I turn off face recognition in iPhoto '09",not suicide post
1669,"@jdickerson www.youtube.com/Titomi15..WATCH THE VIDEOS,COMMENT&amp;SUSCRIBE!! &amp; FOLLOW me , Cheers x",not suicide post
1670,@ShaileeMody thats a killing smile.. i m flattered...,not suicide post
1671,@RapierTwit People say they feel expressionistic - I've never heard them say pointalistic,not suicide post
1672,@carolw Misery loves company,not suicide post
1673,I'm learning to twitter!! beats doing the taxes,not suicide post
1674,FUCKING END MY LIFE,potential suicide post
1675,"@ekalavyab saw it smetime back , bloody creative it is",not suicide post
1676,RT @NeerajKA: Congratulations to everyone who bought a wiretap so they could buy stuff more easily https://t.co/SZrV7Q8Q8y,not suicide post
1677,@wasim not tired of everything.,not suicide post
1678,"@yashir33 I want to be able to focus on solving this problem, not worrying about what might be said or done to you.",not suicide post
1679,Sex dreams are my least favorite dreams. Like they're always weird and appear out of nowhere and then you think itsâ¦ https://t.co/1fdKAwFjwE,potential suicide post
1680,"@300pockets you guys should look into a Cube or EDH! It's fun Xion as in kingdomhearts? From your profile pic, there's some resemblance!",not suicide post
1681,âIm going to fucking kill myself cuz I have no purpose on this earth cuz everything I wanna do in this life has beeâ¦ https://t.co/inr5vuBccx,potential suicide post
1682,I swear it doesnât matter what time I go to sleep my body forever wakes up tired,potential suicide post
1683,He was not tired.,not suicide post
1684,Watching ellen show...,not suicide post
1685,Abdul is tired now.,not suicide post
1686,support for making the world better place,not suicide post
1687,Caffeinated and happy,not suicide post
1688,i am getting close and i am not sure what to do anymore i have been really struggeling for about 5 month now i broke up with someone who i loved very much i first turned to drinking and drugs to ease the pain but i got quite suicidal it got so bad i had to make some major changes in my life or i didnt think i was going to make it i have done absolutely everything i can to pick myself up therapy psychiatrist lexapro quit drinking quit smoking started working out started eating right started travelling focused on work and even started hobbies despite all this somet it feels like nothing is helping i can barely get out of bed most daysi amon the verge of tears every day it is difficult to do anthing its even hard to write this post i dont know what to do anymore i wake up everyday feeling like i am being tortured its been 5 months and it is driving me nuts feeling like i cant escape i could really use some words of wisdom right now,potential suicide post
1689,@tafelzoetstof I could but then there would be too much people around admiring me Can you send me the address of that cava bar pleaaase?,not suicide post
1690,@julieallinson hb!,not suicide post
1691,"I quit, I keep grinding but still fucking suck. I no life something and I still fucking suck. Iâm never gonna get iâ¦ https://t.co/90Myx2lVgt",potential suicide post
1692,i'm tired of youâ¦ https://t.co/cAp1T1SFF1,potential suicide post
1693,I have chorus today. That makes me happy,not suicide post
1694,i want to kill her.,not suicide post
1695,"@gerardway I'm great.somebody said&quot;u speak out of the right side of your mouth&quot; oh,it was random.I think You have sweet talking,dear",not suicide post
1696,@nerdd I was pretty sure that you were checking new Tweets on your iPhone during the meeting,not suicide post
1697,I fucking miss you :( but youâre probably better off without me.,potential suicide post
1698,"@visualmadness Hehe, thanks.",not suicide post
1700,"@c_cannabiscafe A father, whose daughter committed suicide, saying, ""cannabis is very, very dangerous"" is an 'instrâ¦ https://t.co/iGIYBvXZdD",potential suicide post
1701,"@ad8871,Michigan, USA,@MelaynaLokosky @ravenvanderrave Hi, I know you are scrambling to escape with no time to even save your pets or family heirlooms lest you burn alive. I know entire towns have burned to the ground and hundreds of thousands are homeless evacuees. But please take some time to let ME know how to help",potential suicide post
1702,"RT @TGGuide: TransFact: Sadly, around 78% of transgender people who were bullied at school have thought about or attempted suicide. This neâ¦",potential suicide post
1703,"@wizbiff i need a different job, if he is gonna chat all night. he's cute so i'll get over it",not suicide post
1704,@breatheheavycom jooooordan happy birthdaaaay enjoy the day and party a loot !,not suicide post
1705,thanks for the photo @basibanget,not suicide post
1706,"@aT_TooL,Woke ,RT @NFear: Life is hard. I never thought Iâd come onto social media to vent/talk about my feelings. But man my life sucks. I dont want atteâ¦",potential suicide post
1707,"Just broke 10,000 in Xbox 360 Achievements",not suicide post
1708,"@MegamanTV @tom_wilso @NHL @Capitals i play hockey, ive gotten penalties like that. dead play or not, you cant go iâ¦ https://t.co/J9vcMvoE23",potential suicide post
1709,...........why the fuck would they put Daniel is in a match against Brock? Do they want him to die on Sunday?,potential suicide post
1710,@coy0te Sure! But would i be a rebel for not waiting til Follow Friday? haha,not suicide post
1711,A day researching prices for a buffet Mrs CM is doing on Friday. Heard yesterday that the deal for our new shop is finally progressing,not suicide post
1712,@photojunkie I thought it said &quot;looking to get A shot&quot; for a second - I'm interested in both #mesh09,not suicide post
1713,"@Marcel_Perform Gimme that $1m, we'll take a tour to the UK, and I'll show you all the people you need",not suicide post
1715,@TiphaineSiovel Do I have to Tell....LOL,not suicide post
1716,"Short Stack, on home and away",not suicide post
1717,i'm going to buy my slam dunk ticket today,not suicide post
1718,"I need a guidance, mentor, father figure, guardian angel or whatever fuck out there that can tell me what to do witâ¦ https://t.co/CQip4mVgAh",potential suicide post
1719,"@wildchamomille,im learning how to love myself,and i dont want to be here anymore",potential suicide post
1720,seems like instead of me hoping i ll live past 27 i am praying i ll live past 20 i have really all but given up right now each and every day i think about disappearing from the world more and more as if its becoming an actual option ,potential suicide post
1721,@honeylovc i love you &lt;33,not suicide post
1722,"@MoonwoodFarm Yes, the gloves are my pattern. I've made lots of gloves on my looms",not suicide post
1723,"@Joydaily www.youtube.com/Titomi15..WATCH THE VIDEOS,COMMENT&amp;SUSCRIBE!! &amp; FOLLOW me , Cheers x",not suicide post
1724,@DerrenLitten What is the software on the middle screen? I have used Adobe Premiere and Sony Vegas for amateur video making,not suicide post
1725,goodbye everybody abusive dad bullying being a wimp because i never had a father figure in my childhood never getting to fuck the girls i wanted to fuck never having a say in anything becausei am too weak to step up three tours in iraq killed people who tried killing me saw those people kill my friends lost both legs to a roadside i ed wanted to become a physician but dreams are exactly that a fantasy and not something achievable spent 10 years in prison after cops ransacked my home and found 5 grams of weed i grow tired of wading through this hell every day ive been waiting for this moment for a long time and i have a 9mm ready to get the job done quick and clean fuck this place,potential suicide post
1726,@itsanimesh I got an Openmoko FreeRunner and now and Android G1 as well!! yAy!,not suicide post
1727,bb: Jackz47 Good morning fellow coffee lover Glad to know ur up with us...,not suicide post
1728,@polkadotbride He was slightly damaged to begin with so nothing to report there,not suicide post
1729,@UxSoup aaaah ty,not suicide post
1730,"I admire Babar partly because he’s a great batter, but because he’s just so prone to the outside noise, it's admirable. Unreal pressure on his shoulders, team despaired of every bowler he was used to, everything stacked against him. Yet, he finds a way to stay quiet and do his job",not suicide post
1731,I want to fucking die someone please kill me but suck all the fat out of me first,potential suicide post
1732,RT @ebuka_akara: The best Stan Lee Cameo ever ððð https://t.co/leoQNCbXHG,not suicide post
1733,lip-synching to a song.,not suicide post
1734,RT @AshleySantini: I go on YouTube to binge watch David dobrik wholeheartedly knowing Iâm going to be sad bc i cant marry him or Scotty orâ¦,potential suicide post
1735,"@Kierra__Perry,Reno, NV,but I dont want to kill myself.I just want to be able to let other people have to not worry about me. I feel like I never make the best choice. I constantly feel like I am making wrong choices and I am just struggling. I'm fucking depressed and I just dont want to be here anymore",potential suicide post
1736,News Releases from the banquet = almost done! Final editing stages.,not suicide post
1737,@nikki_morris ... and then look bemused when I take it off of their alloted hours,not suicide post
1738,@BruceLaBruce lol i'm thinking of moving to Berlin,not suicide post
1739,"RT @Elixeon: Just want to say that just cause a song isn't charting, doesn't mean its dead. Stans online care about charts way more than GPâ¦",potential suicide post
1740,You know what I hate? Staying in class during breaks and hearing hormonal teenagersâ conversations. Somebody kill me please.,potential suicide post
1741,A lot of my tweets are about being lost &amp; miserable but itâs not always all itâs cracked out to be lol my life is aâ¦ https://t.co/hWxcSJOZDy,potential suicide post
1742,RT @albanese778: I fucking miss you :( but youâre probably better off without me.,potential suicide post
1743,RT @myonlyTAEger: Knets try to describe how V looks like in real life,potential suicide post
1744,@TimNebergall @JudgmentCash @AlexGoodall Thanks for the Rt's Paul,not suicide post
1745,Good Day Tweeps! Have a great day,not suicide post
1746,everyone should follow me AND feed me mexican everyday!,not suicide post
1747,had a wonderful day today,not suicide post
1748,"@nicolerichie and @joelmadden 's little love tweets are so cute However, @aplusk and @mrskutcher 's make me want to vomit.",not suicide post
1749,Donât break other people down just because they may seem âweakerâ than you. If someoneâs eyes are 20/20 that doesnââ¦ https://t.co/DHtb9JZKxE,potential suicide post
1750,she is not tired of everything.,not suicide post
1751,@Cinder5Bye5 I demanded personal satisfaction. And it was so fucking glorious to finally have done it. I had to doâ¦ https://t.co/RiK6Ys6Uw6,potential suicide post
1752,RT @peopleschoice: Congratulations @Harry_Styles for winning The E! People's Choice Award for #TheStyleStar of 2018! #PCAs https://t.co/nPZâ¦,not suicide post
1753,"RT @no_onespecixl: Know one enjoys my company and I just make everyone miserable, everyone is better off wi",potential suicide post
1754,is looking forward to her upcoming photo shoot. Off to work. Ask for my e-mail address. Chatting makes the day fly by! N/A if ur crazy.,not suicide post
1755,@cassie2112 I don't wanna! tis too annoying &amp; hard! ...doing it all day tomorrow,not suicide post
1756,Have been convinced to do the second talk at tonight's DJUGL. I'm hoping not to become too regular a feature,not suicide post
1757,@SecBarbie *I* even figured out that Turkey is pretty close to Iraq.,not suicide post
1758,"Right, laters everyone I am off for my next Bowen treatment, will be gone a few hours, have a good morning",not suicide post
1759,"I will post this every single time it comes across and I will share how angry, how upset, how emotional I still amâ¦ https://t.co/mQLqvVplVb",potential suicide post
1760,RT @peopleschoice: Congratulations @bts_bighit for winning The E! People's Choice Award for #TheGroup of 2018! #PCAs https://t.co/WVyVxZYIMP,not suicide post
1761,has just joined twitter,not suicide post
1762,I hate going into my rap zone cause then I think to myself damn people should really hear this but then I go oh welâ¦ https://t.co/qU72v284yt,potential suicide post
1763,"""I understand incentivizing companies to move to yâ¦ https://t.co/NRBktPKnVr",potential suicide post
1764,"@diablocody That is how I am, but it is Valley Girl that I must watch. Nic Cage as Randy = yum. LOL!!",not suicide post
1765,@elliottcable I prefer @poopdiary meself.,not suicide post
1766,Ooh. SnowboardLite is such a fun app.,not suicide post
1767,@ibeatsex imy frankieeeee &lt;3(: found any good books to read yet?,not suicide post
1768,checking out twitter to see what i have heard is true,not suicide post
1769,"@jhaebets Nah, AUS PC is more salesy (best left to the sales guys). We have 6 of the team going from Aus to Vegas in Oct. WWPC's my scene",not suicide post
1770,@MissXu that penclip is soooo cool!,not suicide post
1771,How to cut a wrist. The end of blood.,potential suicide post
1772,&quot;is in awe of everything she sees your way&quot;,not suicide post
1773,Totally bought High School Musical 3 today... and it was meant to be released tomorrow. Also bought a Wii Remote charger!,not suicide post
1774,Jealousy is important for a person to move ahead in life. It keeps you on your toes and helps you realize,not suicide post
1775,RT @KindFashionNY: Please See Me. I Need My Human. Donât Let Me Die Alone &amp; Afraid. Hurryðð¾ðð¶ https://t.co/oiiy0hKjTW,potential suicide post
1776,Me knowing damn well that I will hate myself for taking a 7:30 but doing it anyways https://t.co/FRhjVbgkUw,potential suicide post
1777,"@SociallyCubed i miss IRC culture, Twitter is like the mainstream version, without the trout slapping",not suicide post
1778,"damn, what is this crazy life of mine",potential suicide post
1779,some days i feel deeply depressed i am a highly sensitive person diagnosed with bipolar depression it must be annoying dealing with me because who wants to be with someone who always walk around eggshells or simply cant get over things quickly i ve been diagnosed with general anxiety disorder too i am frustrated i cannot seem to see the big picture why cant i love myself it annoys me that some smug asshole goes to sleep perfectly fine even though he hurts others he lashes out at others while i self destruct i feel pathetic,potential suicide post
1780,getting ready for class. much rather sleep,not suicide post
1781,standing in supermarket line and thinking how does it feel to jump off a high story building ive read stories that during the fall it makes you feel alive due to sudden surge of adrenaline okay lets back to supermarket few more people to go then thinking will this ever stop feeling like total zombie i got out of store sit on public bus thinking how i am institutionalized and tied to hospital bed in psych wardslol okayi amback in the busokayi amdealing with this crap for 5 years i totally have no energy remaining i have job that requires working part time from home okay i do my job and fall asleep immediately last session my psych told me that there is no working medicine for me because we tried everything currently on low dose of ssri and benzo my real world productivity is literally 0 i go sometimes out for a drink with friends feeling like depersonalized shit begging from inside that they stop talking to me sometimes because i have no power to engage in conversation,potential suicide post
1782,i have forgotten how much i love my Nokia N95-1,not suicide post
1783,Starting my day out with a positive attitude! To be great watch greatness!,not suicide post
1784,"@belledame222 Hey, it's 5 am...give a girl some credit for trying.",not suicide post
1785,2 drunken besties stumble into my room and we run around with sober CJ and drunk Hope knocking on doors. Good times at 3am.,not suicide post
1786,"@dancingbonita &quot;I friggin love you!!!&quot; -Ron Burgundy, riding a unicorn",not suicide post
